filename,width,height,class,xmin,ymin,xmax,ymax
1691060009.png,1920,1080,pin,1055,208,1206,380
1691060009.png,1920,1080,pin,797,625,956,782
1691060009.png,1920,1080,pin,1029,446,1183,605
1691060009.png,1920,1080,pin,1205,533,1377,690
1691060009.png,1920,1080,pin,877,346,1037,503
1691060009.png,1920,1080,pin,540,553,725,711
1691060009.png,1920,1080,pin,807,813,963,992
1691060009.png,1920,1080,pin,1178,359,1337,513
1691060009.png,1920,1080,pin,879,153,1032,329
1691060009.png,1920,1080,pin,977,621,1133,778
1691060009.png,1920,1080,pin,738,455,894,611
1691060009.png,1920,1080,rod,894,526,1018,637
1691060009.png,1920,1080,hole,928,745,1016,832
1691060009.png,1920,1080,empty,999,812,1126,942
1691060009.png,1920,1080,empty,1142,710,1272,835
1691060009.png,1920,1080,empty,723,257,852,383
1691060009.png,1920,1080,empty,610,395,738,522
1691060009.png,1920,1080,empty,670,726,797,861
1691060035.png,1920,1080,pin,1055,208,1206,380
1691060035.png,1920,1080,pin,797,625,956,782
1691060035.png,1920,1080,pin,1029,446,1183,605
1691060035.png,1920,1080,pin,1205,533,1377,690
1691060035.png,1920,1080,pin,877,346,1037,503
1691060035.png,1920,1080,pin,540,553,725,711
1691060035.png,1920,1080,pin,807,813,963,992
1691060035.png,1920,1080,pin,1178,359,1337,513
1691060035.png,1920,1080,pin,879,153,1032,329
1691060035.png,1920,1080,pin,977,621,1133,778
1691060035.png,1920,1080,pin,738,455,894,611
1691060035.png,1920,1080,rod,895,529,1020,634
1691060035.png,1920,1080,hole,929,742,1014,832
1691060035.png,1920,1080,empty,719,261,840,367
1691060035.png,1920,1080,empty,606,401,741,518
1691060035.png,1920,1080,empty,673,724,799,854
1691060035.png,1920,1080,empty,998,812,1134,935
1691060035.png,1920,1080,empty,1134,715,1275,846
1691059717.png,1920,1080,pin,1054,212,1205,384
1691059717.png,1920,1080,pin,800,626,956,783
1691059717.png,1920,1080,pin,1030,448,1184,607
1691059717.png,1920,1080,pin,543,555,725,715
1691059717.png,1920,1080,misplaced,874,198,1035,482
1691059717.png,1920,1080,pin,1209,535,1381,692
1691059717.png,1920,1080,rod,889,531,1023,633
1691059717.png,1920,1080,hole,930,742,1015,829
1691059717.png,1920,1080,empty,721,259,855,384
1691059717.png,1920,1080,empty,610,395,743,528
1691059717.png,1920,1080,empty,751,472,886,605
1691059717.png,1920,1080,empty,673,726,802,866
1691059717.png,1920,1080,empty,824,816,962,950
1691059717.png,1920,1080,empty,994,634,1120,767
1691059717.png,1920,1080,empty,1150,712,1279,842
1691059717.png,1920,1080,empty,1000,819,1128,946
1691059717.png,1920,1080,empty,1181,376,1311,507
1691059702.png,1920,1080,pin,1054,212,1205,384
1691059702.png,1920,1080,pin,880,347,1038,501
1691059702.png,1920,1080,pin,1030,448,1184,607
1691059702.png,1920,1080,pin,543,555,725,715
1691059702.png,1920,1080,misplaced,1210,538,1487,697
1691059702.png,1920,1080,rod,891,532,1021,639
1691059702.png,1920,1080,hole,926,741,1017,828
1691059702.png,1920,1080,empty,890,200,1019,325
1691059702.png,1920,1080,empty,721,259,855,387
1691059702.png,1920,1080,empty,610,396,743,523
1691059702.png,1920,1080,empty,756,472,884,608
1691059702.png,1920,1080,empty,1182,373,1310,503
1691059702.png,1920,1080,empty,996,632,1119,757
1691059702.png,1920,1080,empty,1147,712,1269,835
1691059702.png,1920,1080,empty,1001,814,1136,952
1691059702.png,1920,1080,empty,826,810,951,947
1691059702.png,1920,1080,empty,816,637,947,767
1691059702.png,1920,1080,empty,671,727,800,857
1691060168.png,1920,1080,pin,1055,205,1206,377
1691060168.png,1920,1080,pin,1202,533,1374,690
1691060168.png,1920,1080,pin,535,553,720,711
1691060168.png,1920,1080,pin,806,812,962,991
1691060168.png,1920,1080,pin,1180,357,1339,511
1691060168.png,1920,1080,pin,736,453,892,609
1691060168.png,1920,1080,bent,988,813,1146,977
1691060168.png,1920,1080,bent,877,344,1038,503
1691060168.png,1920,1080,pin,1135,706,1296,866
1691060168.png,1920,1080,bent,879,121,1030,328
1691060168.png,1920,1080,pin,642,718,798,878
1691060168.png,1920,1080,pin,568,375,741,530
1691060168.png,1920,1080,bent,1030,446,1184,609
1691060168.png,1920,1080,pin,978,620,1135,775
1691060168.png,1920,1080,bent,797,627,955,784
1691060168.png,1920,1080,rod,890,525,1020,628
1691060168.png,1920,1080,hole,925,742,1013,828
1691060168.png,1920,1080,empty,723,252,855,377
1691059676.png,1920,1080,pin,700,217,857,395
1691059676.png,1920,1080,pin,878,158,1031,333
1691059676.png,1920,1080,pin,1054,212,1205,384
1691059676.png,1920,1080,pin,1179,359,1342,511
1691059676.png,1920,1080,pin,880,347,1038,501
1691059676.png,1920,1080,pin,1030,448,1184,607
1691059676.png,1920,1080,pin,739,457,894,617
1691059676.png,1920,1080,pin,801,627,959,784
1691059676.png,1920,1080,pin,980,618,1136,774
1691059676.png,1920,1080,pin,543,555,725,715
1691059676.png,1920,1080,pin,1210,537,1385,693
1691059676.png,1920,1080,rod,892,528,1025,637
1691059676.png,1920,1080,hole,930,745,1014,831
1691059676.png,1920,1080,empty,606,397,745,523
1691059676.png,1920,1080,empty,670,727,802,859
1691059676.png,1920,1080,empty,821,816,955,946
1691059676.png,1920,1080,empty,999,808,1132,942
1691059676.png,1920,1080,empty,1145,712,1272,841
1691059886.png,1920,1080,pin,1064,213,1215,385
1691059886.png,1920,1080,pin,793,624,952,781
1691059886.png,1920,1080,pin,1030,448,1184,607
1691059886.png,1920,1080,pin,1207,546,1379,703
1691059886.png,1920,1080,pin,884,346,1044,503
1691059886.png,1920,1080,pin,1135,709,1296,868
1691059886.png,1920,1080,misplaced,665,240,855,392
1691059886.png,1920,1080,pin,577,364,746,522
1691059886.png,1920,1080,adapter,638,716,796,875
1691059886.png,1920,1080,adapter,979,622,1133,780
1691059886.png,1920,1080,adapter,740,455,894,613
1691059886.png,1920,1080,rod,893,529,1018,642
1691059886.png,1920,1080,hole,928,743,1011,831
1691059886.png,1920,1080,empty,891,202,1029,332
1691059886.png,1920,1080,empty,1176,379,1311,512
1691059886.png,1920,1080,empty,995,812,1128,945
1691059886.png,1920,1080,empty,818,813,950,950
1691059886.png,1920,1080,empty,589,566,723,692
1691059851.png,1920,1080,pin,1063,213,1214,385
1691059851.png,1920,1080,pin,793,625,952,782
1691059851.png,1920,1080,pin,1030,448,1184,607
1691059851.png,1920,1080,pin,540,547,725,701
1691059851.png,1920,1080,pin,1207,544,1379,701
1691059851.png,1920,1080,pin,884,346,1044,503
1691059851.png,1920,1080,pin,737,451,892,611
1691059851.png,1920,1080,pin,1135,708,1296,867
1691059851.png,1920,1080,pin,888,151,1041,327
1691059851.png,1920,1080,pin,711,219,867,389
1691059851.png,1920,1080,pin,577,366,746,524
1691059851.png,1920,1080,adapter,638,715,796,874
1691059851.png,1920,1080,adapter,1180,362,1343,520
1691059851.png,1920,1080,rod,890,530,1020,637
1691059851.png,1920,1080,hole,925,742,1010,833
1691059851.png,1920,1080,empty,983,632,1120,761
1691059851.png,1920,1080,empty,985,818,1117,952
1691059851.png,1920,1080,empty,811,813,948,947
1691059845.png,1920,1080,pin,1060,213,1211,385
1691059845.png,1920,1080,pin,794,625,953,782
1691059845.png,1920,1080,pin,1030,447,1184,606
1691059845.png,1920,1080,pin,540,549,725,703
1691059845.png,1920,1080,pin,1207,542,1379,699
1691059845.png,1920,1080,pin,976,620,1132,777
1691059845.png,1920,1080,pin,882,346,1042,503
1691059845.png,1920,1080,pin,737,451,892,611
1691059845.png,1920,1080,pin,1135,707,1296,866
1691059845.png,1920,1080,pin,886,151,1039,327
1691059845.png,1920,1080,pin,708,222,864,392
1691059845.png,1920,1080,pin,574,370,743,528
1691059845.png,1920,1080,adapter,640,715,798,874
1691059845.png,1920,1080,adapter,1180,360,1343,518
1691059845.png,1920,1080,rod,891,532,1019,640
1691059845.png,1920,1080,hole,925,743,1013,833
1691059845.png,1920,1080,empty,820,817,942,944
1691059845.png,1920,1080,empty,995,818,1129,947
1691059728.png,1920,1080,pin,1054,212,1205,384
1691059728.png,1920,1080,pin,800,626,956,783
1691059728.png,1920,1080,pin,1030,448,1184,607
1691059728.png,1920,1080,pin,543,555,725,715
1691059728.png,1920,1080,misplaced,806,367,1020,526
1691059728.png,1920,1080,pin,1209,535,1381,692
1691059728.png,1920,1080,pin,991,804,1154,960
1691059728.png,1920,1080,rod,894,532,1023,636
1691059728.png,1920,1080,hole,927,743,1016,830
1691059728.png,1920,1080,empty,890,202,1018,334
1691059728.png,1920,1080,empty,1185,381,1310,502
1691059728.png,1920,1080,empty,1149,715,1280,840
1691059728.png,1920,1080,empty,992,633,1124,757
1691059728.png,1920,1080,empty,824,816,951,946
1691059728.png,1920,1080,empty,672,727,803,852
1691059728.png,1920,1080,empty,759,478,880,599
1691059728.png,1920,1080,empty,612,398,745,517
1691059728.png,1920,1080,empty,725,260,851,379
1691060194.png,1920,1080,pin,1052,204,1203,376
1691060194.png,1920,1080,pin,1203,529,1375,686
1691060194.png,1920,1080,pin,539,558,724,716
1691060194.png,1920,1080,pin,811,816,967,995
1691060194.png,1920,1080,pin,1178,352,1337,506
1691060194.png,1920,1080,pin,736,455,892,611
1691060194.png,1920,1080,misplaced,1000,788,1156,944
1691060194.png,1920,1080,bent,876,345,1037,504
1691060194.png,1920,1080,pin,1142,700,1303,860
1691060194.png,1920,1080,bent,873,127,1024,334
1691060194.png,1920,1080,pin,645,723,801,883
1691060194.png,1920,1080,pin,564,378,737,533
1691060194.png,1920,1080,bent,1029,442,1183,605
1691060194.png,1920,1080,pin,981,618,1138,773
1691060194.png,1920,1080,bent,799,628,957,785
1691060194.png,1920,1080,pin,698,213,852,383
1691060194.png,1920,1080,rod,896,527,1020,629
1691060194.png,1920,1080,hole,930,742,1015,826
1691060143.png,1920,1080,pin,1064,211,1215,383
1691060143.png,1920,1080,pin,791,622,950,779
1691060143.png,1920,1080,pin,1203,544,1375,701
1691060143.png,1920,1080,pin,537,544,722,702
1691060143.png,1920,1080,pin,798,808,954,987
1691060143.png,1920,1080,pin,1186,362,1345,516
1691060143.png,1920,1080,pin,737,450,893,606
1691060143.png,1920,1080,bent,976,813,1134,977
1691060143.png,1920,1080,pin,706,193,863,386
1691060143.png,1920,1080,bent,879,344,1040,503
1691060143.png,1920,1080,pin,1131,711,1292,871
1691060143.png,1920,1080,bent,888,119,1039,326
1691060143.png,1920,1080,pin,636,714,792,874
1691060143.png,1920,1080,pin,572,365,745,520
1691060143.png,1920,1080,bent,1032,450,1186,613
1691060143.png,1920,1080,rod,894,527,1024,633
1691060143.png,1920,1080,hole,921,742,1008,828
1691060143.png,1920,1080,empty,980,640,1115,760
1691059932.png,1920,1080,pin,1052,209,1203,381
1691059932.png,1920,1080,pin,796,624,955,781
1691059932.png,1920,1080,pin,1030,448,1184,607
1691059932.png,1920,1080,pin,1206,532,1378,689
1691059932.png,1920,1080,pin,884,346,1044,503
1691059932.png,1920,1080,pin,1139,704,1300,863
1691059932.png,1920,1080,misplaced,662,236,852,388
1691059932.png,1920,1080,pin,571,372,740,530
1691059932.png,1920,1080,adapter,638,716,796,875
1691059932.png,1920,1080,adapter,740,455,894,613
1691059932.png,1920,1080,pin,540,552,725,710
1691059932.png,1920,1080,pin,805,812,961,991
1691059932.png,1920,1080,pin,987,807,1140,988
1691059932.png,1920,1080,pin,1174,356,1333,510
1691059932.png,1920,1080,pin,874,151,1027,327
1691059932.png,1920,1080,pin,979,618,1135,775
1691059932.png,1920,1080,rod,895,527,1018,632
1691059932.png,1920,1080,hole,929,742,1015,829
1691060235.png,1920,1080,pin,1064,213,1215,385
1691060235.png,1920,1080,pin,1209,544,1381,701
1691060235.png,1920,1080,pin,798,814,954,993
1691060235.png,1920,1080,pin,1186,364,1345,518
1691060235.png,1920,1080,pin,737,452,893,608
1691060235.png,1920,1080,bent,882,342,1043,501
1691060235.png,1920,1080,pin,1135,710,1296,870
1691060235.png,1920,1080,bent,890,122,1041,329
1691060235.png,1920,1080,pin,636,717,792,877
1691060235.png,1920,1080,pin,567,362,740,517
1691060235.png,1920,1080,pin,976,618,1133,773
1691060235.png,1920,1080,bent,794,627,952,784
1691060235.png,1920,1080,pin,711,211,865,381
1691060235.png,1920,1080,bent,978,812,1131,983
1691060235.png,1920,1080,bent,545,543,719,703
1691060235.png,1920,1080,pin,1031,450,1186,611
1691060235.png,1920,1080,rod,894,528,1018,631
1691060235.png,1920,1080,hole,923,744,1009,830
1691060209.png,1920,1080,pin,1060,213,1211,385
1691060209.png,1920,1080,pin,1209,544,1381,701
1691060209.png,1920,1080,pin,798,814,954,993
1691060209.png,1920,1080,pin,1181,360,1340,514
1691060209.png,1920,1080,pin,737,452,893,608
1691060209.png,1920,1080,bent,879,345,1040,504
1691060209.png,1920,1080,pin,1135,705,1296,865
1691060209.png,1920,1080,bent,885,122,1036,329
1691060209.png,1920,1080,pin,638,718,794,878
1691060209.png,1920,1080,pin,567,365,740,520
1691060209.png,1920,1080,pin,977,618,1134,773
1691060209.png,1920,1080,bent,794,627,952,784
1691060209.png,1920,1080,pin,708,210,862,380
1691060209.png,1920,1080,bent,982,807,1135,978
1691060209.png,1920,1080,bent,545,547,719,707
1691060209.png,1920,1080,rod,895,528,1015,631
1691060209.png,1920,1080,hole,924,742,1009,829
1691060209.png,1920,1080,empty,1040,465,1172,597
1691059661.png,1920,1080,pin,700,217,857,395
1691059661.png,1920,1080,pin,878,158,1031,333
1691059661.png,1920,1080,pin,1054,212,1205,384
1691059661.png,1920,1080,pin,1179,359,1342,511
1691059661.png,1920,1080,pin,880,347,1038,501
1691059661.png,1920,1080,pin,1030,448,1184,607
1691059661.png,1920,1080,pin,739,457,894,617
1691059661.png,1920,1080,pin,801,627,959,784
1691059661.png,1920,1080,pin,980,618,1136,774
1691059661.png,1920,1080,pin,543,555,725,715
1691059661.png,1920,1080,rod,889,531,1020,638
1691059661.png,1920,1080,hole,929,744,1015,829
1691059661.png,1920,1080,empty,610,396,745,520
1691059661.png,1920,1080,empty,670,724,799,852
1691059661.png,1920,1080,empty,821,815,951,948
1691059661.png,1920,1080,empty,1003,811,1130,947
1691059661.png,1920,1080,empty,1145,712,1277,844
1691059661.png,1920,1080,empty,1215,550,1344,681
1691059856.png,1920,1080,pin,1063,213,1214,385
1691059856.png,1920,1080,pin,793,625,952,782
1691059856.png,1920,1080,pin,1030,448,1184,607
1691059856.png,1920,1080,pin,540,547,725,701
1691059856.png,1920,1080,pin,1207,544,1379,701
1691059856.png,1920,1080,pin,884,346,1044,503
1691059856.png,1920,1080,pin,737,451,892,611
1691059856.png,1920,1080,pin,1135,708,1296,867
1691059856.png,1920,1080,pin,888,151,1041,327
1691059856.png,1920,1080,pin,711,219,867,389
1691059856.png,1920,1080,pin,577,366,746,524
1691059856.png,1920,1080,adapter,638,715,796,874
1691059856.png,1920,1080,adapter,1180,362,1343,520
1691059856.png,1920,1080,rod,891,530,1019,639
1691059856.png,1920,1080,hole,920,744,1011,832
1691059856.png,1920,1080,empty,990,639,1117,760
1691059856.png,1920,1080,empty,990,815,1124,940
1691059856.png,1920,1080,empty,814,812,952,944
1691059671.png,1920,1080,pin,700,217,857,395
1691059671.png,1920,1080,pin,878,158,1031,333
1691059671.png,1920,1080,pin,1054,212,1205,384
1691059671.png,1920,1080,pin,1179,359,1342,511
1691059671.png,1920,1080,pin,880,347,1038,501
1691059671.png,1920,1080,pin,1030,448,1184,607
1691059671.png,1920,1080,pin,739,457,894,617
1691059671.png,1920,1080,pin,801,627,959,784
1691059671.png,1920,1080,pin,980,618,1136,774
1691059671.png,1920,1080,pin,543,555,725,715
1691059671.png,1920,1080,pin,1210,537,1385,693
1691059671.png,1920,1080,rod,893,527,1023,638
1691059671.png,1920,1080,hole,930,745,1016,829
1691059671.png,1920,1080,empty,1148,712,1280,841
1691059671.png,1920,1080,empty,1003,810,1128,946
1691059671.png,1920,1080,empty,822,814,956,952
1691059671.png,1920,1080,empty,674,725,799,860
1691059671.png,1920,1080,empty,612,396,742,524
1691060225.png,1920,1080,pin,1064,213,1215,385
1691060225.png,1920,1080,pin,1209,544,1381,701
1691060225.png,1920,1080,pin,798,814,954,993
1691060225.png,1920,1080,pin,1186,364,1345,518
1691060225.png,1920,1080,pin,737,452,893,608
1691060225.png,1920,1080,bent,882,342,1043,501
1691060225.png,1920,1080,pin,1135,710,1296,870
1691060225.png,1920,1080,bent,890,122,1041,329
1691060225.png,1920,1080,pin,636,717,792,877
1691060225.png,1920,1080,pin,567,362,740,517
1691060225.png,1920,1080,pin,976,618,1133,773
1691060225.png,1920,1080,bent,794,627,952,784
1691060225.png,1920,1080,pin,711,211,865,381
1691060225.png,1920,1080,bent,978,812,1131,983
1691060225.png,1920,1080,bent,545,543,719,703
1691060225.png,1920,1080,pin,1031,450,1186,611
1691060225.png,1920,1080,rod,895,532,1018,637
1691060225.png,1920,1080,hole,920,743,1008,827
1691059922.png,1920,1080,pin,1064,213,1215,385
1691059922.png,1920,1080,pin,793,624,952,781
1691059922.png,1920,1080,pin,1030,448,1184,607
1691059922.png,1920,1080,pin,1207,546,1379,703
1691059922.png,1920,1080,pin,884,346,1044,503
1691059922.png,1920,1080,pin,1135,709,1296,868
1691059922.png,1920,1080,misplaced,665,235,855,387
1691059922.png,1920,1080,pin,577,364,746,522
1691059922.png,1920,1080,adapter,638,716,796,875
1691059922.png,1920,1080,adapter,979,622,1133,780
1691059922.png,1920,1080,adapter,740,455,894,613
1691059922.png,1920,1080,pin,540,544,725,702
1691059922.png,1920,1080,pin,796,812,952,991
1691059922.png,1920,1080,pin,977,811,1130,992
1691059922.png,1920,1080,pin,1186,366,1345,520
1691059922.png,1920,1080,pin,887,151,1040,327
1691059922.png,1920,1080,rod,892,527,1020,632
1691059922.png,1920,1080,hole,921,740,1007,832
1691060184.png,1920,1080,pin,1063,208,1214,380
1691060184.png,1920,1080,pin,1202,543,1374,700
1691060184.png,1920,1080,pin,535,545,720,703
1691060184.png,1920,1080,pin,797,811,953,990
1691060184.png,1920,1080,pin,1180,363,1339,517
1691060184.png,1920,1080,pin,736,453,892,609
1691060184.png,1920,1080,bent,980,813,1138,977
1691060184.png,1920,1080,bent,882,345,1043,504
1691060184.png,1920,1080,pin,1132,709,1293,869
1691060184.png,1920,1080,bent,888,122,1039,329
1691060184.png,1920,1080,pin,635,717,791,877
1691060184.png,1920,1080,pin,569,365,742,520
1691060184.png,1920,1080,bent,1029,447,1183,610
1691060184.png,1920,1080,pin,978,620,1135,775
1691060184.png,1920,1080,bent,794,625,952,782
1691060184.png,1920,1080,pin,709,212,863,382
1691060184.png,1920,1080,rod,891,528,1016,630
1691060184.png,1920,1080,hole,923,745,1006,828
1691059738.png,1920,1080,pin,1054,212,1205,384
1691059738.png,1920,1080,pin,800,626,956,783
1691059738.png,1920,1080,pin,1030,448,1184,607
1691059738.png,1920,1080,pin,543,555,725,715
1691059738.png,1920,1080,pin,1209,535,1381,692
1691059738.png,1920,1080,pin,991,804,1145,980
1691059738.png,1920,1080,pin,878,350,1038,507
1691059738.png,1920,1080,pin,702,222,860,395
1691059738.png,1920,1080,rod,890,530,1017,637
1691059738.png,1920,1080,hole,928,742,1016,831
1691059738.png,1920,1080,empty,895,202,1015,320
1691059738.png,1920,1080,empty,1186,379,1320,497
1691059738.png,1920,1080,empty,1145,710,1277,839
1691059738.png,1920,1080,empty,990,632,1125,759
1691059738.png,1920,1080,empty,758,470,883,595
1691059738.png,1920,1080,empty,611,396,745,523
1691059738.png,1920,1080,empty,673,731,805,857
1691059738.png,1920,1080,empty,826,816,939,946
1691060230.png,1920,1080,pin,1064,213,1215,385
1691060230.png,1920,1080,pin,1209,544,1381,701
1691060230.png,1920,1080,pin,798,814,954,993
1691060230.png,1920,1080,pin,1186,364,1345,518
1691060230.png,1920,1080,pin,737,452,893,608
1691060230.png,1920,1080,bent,882,342,1043,501
1691060230.png,1920,1080,pin,1135,710,1296,870
1691060230.png,1920,1080,bent,890,122,1041,329
1691060230.png,1920,1080,pin,636,717,792,877
1691060230.png,1920,1080,pin,567,362,740,517
1691060230.png,1920,1080,pin,976,618,1133,773
1691060230.png,1920,1080,bent,794,627,952,784
1691060230.png,1920,1080,pin,711,211,865,381
1691060230.png,1920,1080,bent,978,812,1131,983
1691060230.png,1920,1080,bent,545,543,719,703
1691060230.png,1920,1080,pin,1031,450,1186,611
1691060230.png,1920,1080,rod,896,527,1020,637
1691060230.png,1920,1080,hole,920,743,1009,830
1691060030.png,1920,1080,pin,1055,208,1206,380
1691060030.png,1920,1080,pin,797,625,956,782
1691060030.png,1920,1080,pin,1029,446,1183,605
1691060030.png,1920,1080,pin,1205,533,1377,690
1691060030.png,1920,1080,pin,877,346,1037,503
1691060030.png,1920,1080,pin,540,553,725,711
1691060030.png,1920,1080,pin,807,813,963,992
1691060030.png,1920,1080,pin,1178,359,1337,513
1691060030.png,1920,1080,pin,879,153,1032,329
1691060030.png,1920,1080,pin,977,621,1133,778
1691060030.png,1920,1080,pin,738,455,894,611
1691060030.png,1920,1080,rod,895,528,1017,632
1691060030.png,1920,1080,hole,930,743,1015,833
1691060030.png,1920,1080,empty,1148,710,1270,839
1691060030.png,1920,1080,empty,718,254,844,375
1691060030.png,1920,1080,empty,609,386,734,519
1691060030.png,1920,1080,empty,665,728,803,861
1691060030.png,1920,1080,empty,1001,813,1137,942
1691059666.png,1920,1080,pin,700,217,857,395
1691059666.png,1920,1080,pin,878,158,1031,333
1691059666.png,1920,1080,pin,1054,212,1205,384
1691059666.png,1920,1080,pin,1179,359,1342,511
1691059666.png,1920,1080,pin,880,347,1038,501
1691059666.png,1920,1080,pin,1030,448,1184,607
1691059666.png,1920,1080,pin,739,457,894,617
1691059666.png,1920,1080,pin,801,627,959,784
1691059666.png,1920,1080,pin,980,618,1136,774
1691059666.png,1920,1080,pin,543,555,725,715
1691059666.png,1920,1080,rod,890,529,1020,637
1691059666.png,1920,1080,hole,927,742,1014,831
1691059666.png,1920,1080,empty,615,393,743,523
1691059666.png,1920,1080,empty,674,722,805,856
1691059666.png,1920,1080,empty,819,816,957,949
1691059666.png,1920,1080,empty,1002,808,1127,942
1691059666.png,1920,1080,empty,1145,710,1272,842
1691059666.png,1920,1080,empty,1210,549,1343,675
1691060178.png,1920,1080,pin,1063,208,1214,380
1691060178.png,1920,1080,pin,1202,543,1374,700
1691060178.png,1920,1080,pin,535,545,720,703
1691060178.png,1920,1080,pin,797,811,953,990
1691060178.png,1920,1080,pin,1180,363,1339,517
1691060178.png,1920,1080,pin,736,453,892,609
1691060178.png,1920,1080,bent,980,813,1138,977
1691060178.png,1920,1080,bent,882,345,1043,504
1691060178.png,1920,1080,pin,1132,709,1293,869
1691060178.png,1920,1080,bent,888,122,1039,329
1691060178.png,1920,1080,pin,635,717,791,877
1691060178.png,1920,1080,pin,569,365,742,520
1691060178.png,1920,1080,bent,1029,447,1183,610
1691060178.png,1920,1080,pin,978,620,1135,775
1691060178.png,1920,1080,bent,794,625,952,782
1691060178.png,1920,1080,pin,709,212,863,382
1691060178.png,1920,1080,rod,894,531,1018,632
1691060178.png,1920,1080,hole,925,743,1006,828
1691059712.png,1920,1080,pin,1054,212,1205,384
1691059712.png,1920,1080,pin,880,347,1038,501
1691059712.png,1920,1080,pin,1030,448,1184,607
1691059712.png,1920,1080,pin,543,555,725,715
1691059712.png,1920,1080,misplaced,782,583,950,765
1691059712.png,1920,1080,pin,1209,535,1381,692
1691059712.png,1920,1080,rod,888,531,1026,638
1691059712.png,1920,1080,hole,930,742,1017,828
1691059712.png,1920,1080,empty,894,202,1020,321
1691059712.png,1920,1080,empty,1180,374,1308,500
1691059712.png,1920,1080,empty,720,257,854,378
1691059712.png,1920,1080,empty,614,392,745,522
1691059712.png,1920,1080,empty,759,474,885,598
1691059712.png,1920,1080,empty,998,634,1120,756
1691059712.png,1920,1080,empty,1147,712,1276,838
1691059712.png,1920,1080,empty,1004,817,1130,945
1691059712.png,1920,1080,empty,827,815,950,947
1691059712.png,1920,1080,empty,673,727,812,857
1691059897.png,1920,1080,pin,1064,213,1215,385
1691059897.png,1920,1080,pin,793,624,952,781
1691059897.png,1920,1080,pin,1030,448,1184,607
1691059897.png,1920,1080,pin,1207,546,1379,703
1691059897.png,1920,1080,pin,884,346,1044,503
1691059897.png,1920,1080,pin,1135,709,1296,868
1691059897.png,1920,1080,misplaced,665,235,855,387
1691059897.png,1920,1080,pin,577,364,746,522
1691059897.png,1920,1080,adapter,638,716,796,875
1691059897.png,1920,1080,adapter,979,622,1133,780
1691059897.png,1920,1080,adapter,740,455,894,613
1691059897.png,1920,1080,pin,540,544,725,702
1691059897.png,1920,1080,rod,894,529,1019,637
1691059897.png,1920,1080,hole,922,743,1007,832
1691059897.png,1920,1080,empty,896,199,1033,327
1691059897.png,1920,1080,empty,1181,385,1320,510
1691059897.png,1920,1080,empty,988,818,1119,943
1691059897.png,1920,1080,empty,810,812,943,947
1691060019.png,1920,1080,pin,1055,208,1206,380
1691060019.png,1920,1080,pin,797,625,956,782
1691060019.png,1920,1080,pin,1029,446,1183,605
1691060019.png,1920,1080,pin,1205,533,1377,690
1691060019.png,1920,1080,pin,877,346,1037,503
1691060019.png,1920,1080,pin,540,553,725,711
1691060019.png,1920,1080,pin,807,813,963,992
1691060019.png,1920,1080,pin,1178,359,1337,513
1691060019.png,1920,1080,pin,879,153,1032,329
1691060019.png,1920,1080,pin,977,621,1133,778
1691060019.png,1920,1080,pin,738,455,894,611
1691060019.png,1920,1080,rod,893,525,1020,635
1691060019.png,1920,1080,hole,930,740,1016,832
1691060019.png,1920,1080,empty,720,257,854,377
1691060019.png,1920,1080,empty,609,392,739,521
1691060019.png,1920,1080,empty,673,728,798,863
1691060019.png,1920,1080,empty,1143,712,1280,846
1691060019.png,1920,1080,empty,1006,817,1128,942
1691059840.png,1920,1080,pin,1060,213,1211,385
1691059840.png,1920,1080,pin,794,625,953,782
1691059840.png,1920,1080,pin,1030,447,1184,606
1691059840.png,1920,1080,pin,540,549,725,703
1691059840.png,1920,1080,pin,1207,542,1379,699
1691059840.png,1920,1080,pin,976,620,1132,777
1691059840.png,1920,1080,pin,882,346,1042,503
1691059840.png,1920,1080,pin,737,451,892,611
1691059840.png,1920,1080,pin,1135,707,1296,866
1691059840.png,1920,1080,pin,886,151,1039,327
1691059840.png,1920,1080,pin,708,222,864,392
1691059840.png,1920,1080,pin,574,370,743,528
1691059840.png,1920,1080,adapter,640,715,798,874
1691059840.png,1920,1080,adapter,1180,360,1343,518
1691059840.png,1920,1080,rod,890,527,1017,632
1691059840.png,1920,1080,hole,926,743,1013,831
1691059840.png,1920,1080,empty,1000,818,1126,942
1691059840.png,1920,1080,empty,819,812,949,947
1691060025.png,1920,1080,pin,1055,208,1206,380
1691060025.png,1920,1080,pin,797,625,956,782
1691060025.png,1920,1080,pin,1029,446,1183,605
1691060025.png,1920,1080,pin,1205,533,1377,690
1691060025.png,1920,1080,pin,877,346,1037,503
1691060025.png,1920,1080,pin,540,553,725,711
1691060025.png,1920,1080,pin,807,813,963,992
1691060025.png,1920,1080,pin,1178,359,1337,513
1691060025.png,1920,1080,pin,879,153,1032,329
1691060025.png,1920,1080,pin,977,621,1133,778
1691060025.png,1920,1080,pin,738,455,894,611
1691060025.png,1920,1080,rod,891,527,1020,631
1691060025.png,1920,1080,hole,929,744,1015,830
1691060025.png,1920,1080,empty,725,259,853,376
1691060025.png,1920,1080,empty,610,390,737,524
1691060025.png,1920,1080,empty,668,722,795,857
1691060025.png,1920,1080,empty,1009,813,1130,938
1691060025.png,1920,1080,empty,1151,708,1275,845
1691060081.png,1920,1080,pin,1055,208,1206,380
1691060081.png,1920,1080,pin,797,625,956,782
1691060081.png,1920,1080,pin,1029,446,1183,605
1691060081.png,1920,1080,pin,1205,534,1377,691
1691060081.png,1920,1080,pin,540,554,725,712
1691060081.png,1920,1080,pin,807,813,963,992
1691060081.png,1920,1080,pin,1178,359,1337,513
1691060081.png,1920,1080,pin,738,455,894,611
1691060081.png,1920,1080,bent,988,811,1147,981
1691060081.png,1920,1080,bent,979,617,1137,781
1691060081.png,1920,1080,pin,700,199,857,392
1691060081.png,1920,1080,bent,876,346,1037,505
1691060081.png,1920,1080,rod,893,531,1020,632
1691060081.png,1920,1080,hole,931,742,1015,830
1691060081.png,1920,1080,empty,893,197,1017,317
1691060081.png,1920,1080,empty,1148,713,1278,839
1691060081.png,1920,1080,empty,664,725,801,857
1691060081.png,1920,1080,empty,613,394,739,520
1691060240.png,1920,1080,pin,1064,213,1215,385
1691060240.png,1920,1080,pin,1209,544,1381,701
1691060240.png,1920,1080,pin,798,814,954,993
1691060240.png,1920,1080,pin,1186,364,1345,518
1691060240.png,1920,1080,pin,737,452,893,608
1691060240.png,1920,1080,bent,882,342,1043,501
1691060240.png,1920,1080,pin,1135,710,1296,870
1691060240.png,1920,1080,bent,890,122,1041,329
1691060240.png,1920,1080,pin,636,717,792,877
1691060240.png,1920,1080,pin,567,362,740,517
1691060240.png,1920,1080,pin,976,618,1133,773
1691060240.png,1920,1080,bent,794,627,952,784
1691060240.png,1920,1080,pin,711,211,865,381
1691060240.png,1920,1080,bent,978,812,1131,983
1691060240.png,1920,1080,bent,545,543,719,703
1691060240.png,1920,1080,pin,1031,450,1186,611
1691060240.png,1920,1080,rod,895,528,1020,632
1691060240.png,1920,1080,hole,923,744,1008,832
1691059748.png,1920,1080,pin,1054,210,1205,382
1691059748.png,1920,1080,pin,797,626,956,783
1691059748.png,1920,1080,pin,1030,448,1184,607
1691059748.png,1920,1080,pin,543,550,728,704
1691059748.png,1920,1080,pin,1209,535,1381,692
1691059748.png,1920,1080,pin,986,805,1143,979
1691059748.png,1920,1080,pin,881,347,1041,504
1691059748.png,1920,1080,pin,735,455,890,615
1691059748.png,1920,1080,pin,637,715,803,877
1691059748.png,1920,1080,rod,891,534,1022,636
1691059748.png,1920,1080,hole,926,742,1019,832
1691059748.png,1920,1080,empty,898,201,1013,330
1691059748.png,1920,1080,empty,1185,378,1310,502
1691059748.png,1920,1080,empty,725,257,852,381
1691059748.png,1920,1080,empty,614,392,740,517
1691059748.png,1920,1080,empty,990,631,1120,755
1691059748.png,1920,1080,empty,1156,717,1273,838
1691059748.png,1920,1080,empty,825,812,950,946
1691059984.png,1920,1080,pin,1055,208,1206,380
1691059984.png,1920,1080,pin,797,625,956,782
1691059984.png,1920,1080,pin,1029,446,1183,605
1691059984.png,1920,1080,pin,1205,533,1377,690
1691059984.png,1920,1080,pin,877,346,1037,503
1691059984.png,1920,1080,pin,1139,702,1300,861
1691059984.png,1920,1080,pin,540,553,725,711
1691059984.png,1920,1080,pin,807,813,963,992
1691059984.png,1920,1080,pin,1178,359,1337,513
1691059984.png,1920,1080,pin,879,153,1032,329
1691059984.png,1920,1080,pin,977,621,1133,778
1691059984.png,1920,1080,pin,738,455,894,611
1691059984.png,1920,1080,pin,641,719,800,877
1691059984.png,1920,1080,pin,703,222,855,392
1691059984.png,1920,1080,rod,893,526,1018,630
1691059984.png,1920,1080,hole,929,742,1014,829
1691059984.png,1920,1080,empty,1005,815,1132,946
1691059984.png,1920,1080,empty,607,392,738,520
1691059774.png,1920,1080,pin,1056,211,1207,383
1691059774.png,1920,1080,pin,794,625,953,782
1691059774.png,1920,1080,pin,1030,446,1184,605
1691059774.png,1920,1080,pin,542,555,727,709
1691059774.png,1920,1080,pin,1209,535,1381,692
1691059774.png,1920,1080,pin,979,619,1135,776
1691059774.png,1920,1080,pin,880,346,1040,503
1691059774.png,1920,1080,pin,738,451,893,611
1691059774.png,1920,1080,pin,637,716,803,878
1691059774.png,1920,1080,pin,1140,703,1301,862
1691059774.png,1920,1080,pin,808,815,965,997
1691059774.png,1920,1080,pin,991,809,1143,983
1691059774.png,1920,1080,pin,878,151,1031,327
1691059774.png,1920,1080,rod,890,534,1022,637
1691059774.png,1920,1080,hole,930,744,1015,827
1691059774.png,1920,1080,empty,720,259,855,379
1691059774.png,1920,1080,empty,605,391,742,522
1691059774.png,1920,1080,empty,1175,378,1312,497
1691060137.png,1920,1080,pin,1064,211,1215,383
1691060137.png,1920,1080,pin,791,622,950,779
1691060137.png,1920,1080,pin,1203,544,1375,701
1691060137.png,1920,1080,pin,537,544,722,702
1691060137.png,1920,1080,pin,798,808,954,987
1691060137.png,1920,1080,pin,1186,362,1345,516
1691060137.png,1920,1080,pin,737,450,893,606
1691060137.png,1920,1080,bent,976,813,1134,977
1691060137.png,1920,1080,pin,706,193,863,386
1691060137.png,1920,1080,bent,879,344,1040,503
1691060137.png,1920,1080,pin,1131,711,1292,871
1691060137.png,1920,1080,bent,888,119,1039,326
1691060137.png,1920,1080,pin,636,714,792,874
1691060137.png,1920,1080,pin,572,365,745,520
1691060137.png,1920,1080,bent,1032,450,1186,613
1691060137.png,1920,1080,rod,896,527,1022,630
1691060137.png,1920,1080,hole,924,742,1008,832
1691060137.png,1920,1080,empty,978,633,1117,758
1691059830.png,1920,1080,pin,1064,213,1215,385
1691059830.png,1920,1080,pin,793,625,952,782
1691059830.png,1920,1080,pin,1030,446,1184,605
1691059830.png,1920,1080,pin,540,548,725,702
1691059830.png,1920,1080,pin,1208,544,1380,701
1691059830.png,1920,1080,pin,976,620,1132,777
1691059830.png,1920,1080,pin,884,346,1044,503
1691059830.png,1920,1080,pin,737,451,892,611
1691059830.png,1920,1080,pin,1134,707,1295,866
1691059830.png,1920,1080,pin,890,151,1043,327
1691059830.png,1920,1080,pin,711,222,867,392
1691059830.png,1920,1080,pin,574,365,743,523
1691059830.png,1920,1080,adapter,636,714,794,873
1691059830.png,1920,1080,rod,893,528,1022,639
1691059830.png,1920,1080,hole,923,744,1010,830
1691059830.png,1920,1080,empty,1188,381,1314,505
1691059830.png,1920,1080,empty,994,818,1122,944
1691059830.png,1920,1080,empty,815,813,940,947
1691060055.png,1920,1080,pin,1055,208,1206,380
1691060055.png,1920,1080,pin,797,625,956,782
1691060055.png,1920,1080,pin,1029,446,1183,605
1691060055.png,1920,1080,pin,1205,533,1377,690
1691060055.png,1920,1080,pin,877,346,1037,503
1691060055.png,1920,1080,pin,540,553,725,711
1691060055.png,1920,1080,pin,807,813,963,992
1691060055.png,1920,1080,pin,1178,359,1337,513
1691060055.png,1920,1080,pin,879,153,1032,329
1691060055.png,1920,1080,pin,738,455,894,611
1691060055.png,1920,1080,bent,991,811,1150,981
1691060055.png,1920,1080,bent,980,617,1138,781
1691060055.png,1920,1080,rod,894,528,1023,627
1691060055.png,1920,1080,hole,930,742,1016,829
1691060055.png,1920,1080,empty,1142,710,1271,843
1691060055.png,1920,1080,empty,720,257,853,387
1691060055.png,1920,1080,empty,606,390,738,524
1691060055.png,1920,1080,empty,670,726,801,857
1691059549.png,1920,1080,pin,877,155,1033,335
1691059549.png,1920,1080,pin,701,214,855,385
1691059549.png,1920,1080,pin,574,379,740,532
1691059549.png,1920,1080,pin,1057,208,1208,383
1691059549.png,1920,1080,pin,1178,357,1342,510
1691059549.png,1920,1080,pin,880,345,1039,503
1691059549.png,1920,1080,pin,737,457,896,616
1691059549.png,1920,1080,pin,550,556,728,714
1691059549.png,1920,1080,pin,800,626,955,784
1691059549.png,1920,1080,pin,981,620,1138,777
1691059549.png,1920,1080,pin,1029,447,1185,610
1691059549.png,1920,1080,pin,1209,534,1381,695
1691059549.png,1920,1080,pin,1139,702,1299,859
1691059549.png,1920,1080,pin,642,722,803,877
1691059549.png,1920,1080,pin,807,817,961,989
1691059549.png,1920,1080,pin,990,814,1143,980
1691059549.png,1920,1080,hole,931,745,1014,829
1691059549.png,1920,1080,rod,889,533,1020,639
1691059978.png,1920,1080,pin,1062,209,1213,381
1691059978.png,1920,1080,pin,792,624,951,781
1691059978.png,1920,1080,pin,1029,447,1183,606
1691059978.png,1920,1080,pin,1205,541,1377,698
1691059978.png,1920,1080,pin,882,346,1042,503
1691059978.png,1920,1080,pin,1135,707,1296,866
1691059978.png,1920,1080,misplaced,663,233,853,385
1691059978.png,1920,1080,pin,575,366,744,524
1691059978.png,1920,1080,pin,538,549,723,707
1691059978.png,1920,1080,pin,797,811,953,990
1691059978.png,1920,1080,pin,1182,364,1341,518
1691059978.png,1920,1080,pin,887,152,1040,328
1691059978.png,1920,1080,pin,977,621,1133,778
1691059978.png,1920,1080,pin,738,452,894,608
1691059978.png,1920,1080,pin,635,718,794,876
1691059978.png,1920,1080,rod,894,529,1020,634
1691059978.png,1920,1080,hole,922,738,1010,832
1691059978.png,1920,1080,empty,987,810,1127,949
1691059763.png,1920,1080,pin,1056,211,1207,383
1691059763.png,1920,1080,pin,794,625,953,782
1691059763.png,1920,1080,pin,1030,446,1184,605
1691059763.png,1920,1080,pin,542,555,727,709
1691059763.png,1920,1080,pin,1209,535,1381,692
1691059763.png,1920,1080,pin,979,619,1135,776
1691059763.png,1920,1080,pin,880,346,1040,503
1691059763.png,1920,1080,pin,738,451,893,611
1691059763.png,1920,1080,pin,637,716,803,878
1691059763.png,1920,1080,pin,1140,703,1301,862
1691059763.png,1920,1080,rod,895,530,1023,635
1691059763.png,1920,1080,hole,929,744,1014,831
1691059763.png,1920,1080,empty,890,200,1020,328
1691059763.png,1920,1080,empty,720,258,855,379
1691059763.png,1920,1080,empty,1180,375,1310,503
1691059763.png,1920,1080,empty,1003,807,1128,947
1691059763.png,1920,1080,empty,819,807,952,948
1691059763.png,1920,1080,empty,609,392,738,520
1691059789.png,1920,1080,pin,1062,212,1213,384
1691059789.png,1920,1080,pin,794,625,953,782
1691059789.png,1920,1080,pin,1030,446,1184,605
1691059789.png,1920,1080,pin,541,549,726,703
1691059789.png,1920,1080,pin,1208,541,1380,698
1691059789.png,1920,1080,pin,979,620,1135,777
1691059789.png,1920,1080,pin,882,346,1042,503
1691059789.png,1920,1080,pin,737,452,892,612
1691059789.png,1920,1080,pin,636,716,802,878
1691059789.png,1920,1080,pin,1138,706,1299,865
1691059789.png,1920,1080,pin,801,811,958,993
1691059789.png,1920,1080,pin,984,808,1136,982
1691059789.png,1920,1080,pin,886,151,1039,327
1691059789.png,1920,1080,pin,704,222,860,392
1691059789.png,1920,1080,pin,574,369,743,527
1691059789.png,1920,1080,rod,893,530,1020,638
1691059789.png,1920,1080,hole,922,745,1010,830
1691059789.png,1920,1080,empty,1187,382,1317,507
1691060097.png,1920,1080,pin,1055,208,1206,380
1691060097.png,1920,1080,pin,797,625,956,782
1691060097.png,1920,1080,pin,1029,446,1183,605
1691060097.png,1920,1080,pin,1205,534,1377,691
1691060097.png,1920,1080,pin,540,554,725,712
1691060097.png,1920,1080,pin,807,813,963,992
1691060097.png,1920,1080,pin,1178,359,1337,513
1691060097.png,1920,1080,pin,738,455,894,611
1691060097.png,1920,1080,bent,988,811,1147,981
1691060097.png,1920,1080,bent,979,617,1137,781
1691060097.png,1920,1080,pin,700,199,857,392
1691060097.png,1920,1080,bent,876,346,1037,505
1691060097.png,1920,1080,pin,1141,702,1302,862
1691060097.png,1920,1080,bent,879,121,1030,328
1691060097.png,1920,1080,pin,644,722,800,882
1691060097.png,1920,1080,rod,894,530,1020,632
1691060097.png,1920,1080,hole,928,740,1015,832
1691060097.png,1920,1080,empty,609,389,742,520
1691060040.png,1920,1080,pin,1055,208,1206,380
1691060040.png,1920,1080,pin,797,625,956,782
1691060040.png,1920,1080,pin,1029,446,1183,605
1691060040.png,1920,1080,pin,1205,533,1377,690
1691060040.png,1920,1080,pin,877,346,1037,503
1691060040.png,1920,1080,pin,540,553,725,711
1691060040.png,1920,1080,pin,807,813,963,992
1691060040.png,1920,1080,pin,1178,359,1337,513
1691060040.png,1920,1080,pin,879,153,1032,329
1691060040.png,1920,1080,pin,977,621,1133,778
1691060040.png,1920,1080,pin,738,455,894,611
1691060040.png,1920,1080,rod,895,529,1020,634
1691060040.png,1920,1080,hole,930,742,1015,827
1691060040.png,1920,1080,empty,1146,714,1278,835
1691060040.png,1920,1080,empty,1004,814,1128,940
1691060040.png,1920,1080,empty,668,721,800,857
1691060040.png,1920,1080,empty,715,257,853,378
1691060040.png,1920,1080,empty,615,392,740,522
1691059825.png,1920,1080,pin,1064,213,1215,385
1691059825.png,1920,1080,pin,793,625,952,782
1691059825.png,1920,1080,pin,1030,446,1184,605
1691059825.png,1920,1080,pin,540,548,725,702
1691059825.png,1920,1080,pin,1208,544,1380,701
1691059825.png,1920,1080,pin,976,620,1132,777
1691059825.png,1920,1080,pin,884,346,1044,503
1691059825.png,1920,1080,pin,737,451,892,611
1691059825.png,1920,1080,pin,1134,707,1295,866
1691059825.png,1920,1080,pin,890,151,1043,327
1691059825.png,1920,1080,pin,711,222,867,392
1691059825.png,1920,1080,pin,574,365,743,523
1691059825.png,1920,1080,adapter,636,714,794,873
1691059825.png,1920,1080,rod,894,532,1025,637
1691059825.png,1920,1080,hole,923,745,1009,831
1691059825.png,1920,1080,empty,822,811,940,948
1691059825.png,1920,1080,empty,990,811,1118,949
1691059825.png,1920,1080,empty,1197,382,1305,508
1691060050.png,1920,1080,pin,1055,208,1206,380
1691060050.png,1920,1080,pin,797,625,956,782
1691060050.png,1920,1080,pin,1029,446,1183,605
1691060050.png,1920,1080,pin,1205,533,1377,690
1691060050.png,1920,1080,pin,877,346,1037,503
1691060050.png,1920,1080,pin,540,553,725,711
1691060050.png,1920,1080,pin,807,813,963,992
1691060050.png,1920,1080,pin,1178,359,1337,513
1691060050.png,1920,1080,pin,879,153,1032,329
1691060050.png,1920,1080,pin,738,455,894,611
1691060050.png,1920,1080,bent,991,811,1150,981
1691060050.png,1920,1080,rod,893,528,1019,633
1691060050.png,1920,1080,hole,929,743,1016,829
1691060050.png,1920,1080,empty,995,637,1116,748
1691060050.png,1920,1080,empty,1145,697,1279,837
1691060050.png,1920,1080,empty,669,725,799,859
1691060050.png,1920,1080,empty,603,396,740,522
1691060050.png,1920,1080,empty,718,256,857,384
1691059835.png,1920,1080,pin,1064,213,1215,385
1691059835.png,1920,1080,pin,793,625,952,782
1691059835.png,1920,1080,pin,1030,446,1184,605
1691059835.png,1920,1080,pin,540,548,725,702
1691059835.png,1920,1080,pin,1208,544,1380,701
1691059835.png,1920,1080,pin,976,620,1132,777
1691059835.png,1920,1080,pin,884,346,1044,503
1691059835.png,1920,1080,pin,737,451,892,611
1691059835.png,1920,1080,pin,1134,707,1295,866
1691059835.png,1920,1080,pin,890,151,1043,327
1691059835.png,1920,1080,pin,711,222,867,392
1691059835.png,1920,1080,pin,574,365,743,523
1691059835.png,1920,1080,adapter,636,714,794,873
1691059835.png,1920,1080,rod,894,529,1020,639
1691059835.png,1920,1080,hole,925,745,1010,832
1691059835.png,1920,1080,empty,816,812,939,946
1691059835.png,1920,1080,empty,993,811,1125,946
1691059835.png,1920,1080,empty,1184,383,1316,509
1691059564.png,1920,1080,pin,885,157,1037,327
1691059564.png,1920,1080,pin,1059,217,1211,385
1691059564.png,1920,1080,pin,1181,364,1345,517
1691059564.png,1920,1080,pin,884,347,1041,502
1691059564.png,1920,1080,pin,1031,447,1185,607
1691059564.png,1920,1080,pin,1209,540,1380,695
1691059564.png,1920,1080,pin,709,213,863,389
1691059564.png,1920,1080,pin,579,372,741,527
1691059564.png,1920,1080,pin,739,452,891,615
1691059564.png,1920,1080,pin,551,553,720,707
1691059564.png,1920,1080,pin,798,627,954,780
1691059564.png,1920,1080,pin,980,622,1135,778
1691059564.png,1920,1080,pin,1140,710,1299,862
1691059564.png,1920,1080,pin,986,815,1140,983
1691059564.png,1920,1080,pin,801,815,955,987
1691059564.png,1920,1080,pin,639,718,797,874
1691059564.png,1920,1080,hole,927,746,1011,830
1691059564.png,1920,1080,rod,895,535,1020,632
1691059799.png,1920,1080,pin,1062,212,1213,384
1691059799.png,1920,1080,pin,794,625,953,782
1691059799.png,1920,1080,pin,1030,446,1184,605
1691059799.png,1920,1080,pin,541,549,726,703
1691059799.png,1920,1080,pin,1208,541,1380,698
1691059799.png,1920,1080,pin,979,620,1135,777
1691059799.png,1920,1080,pin,882,346,1042,503
1691059799.png,1920,1080,pin,737,452,892,612
1691059799.png,1920,1080,pin,636,716,802,878
1691059799.png,1920,1080,pin,1138,706,1299,865
1691059799.png,1920,1080,pin,801,811,958,993
1691059799.png,1920,1080,pin,984,808,1136,982
1691059799.png,1920,1080,pin,886,151,1039,327
1691059799.png,1920,1080,pin,704,222,860,392
1691059799.png,1920,1080,pin,574,369,743,527
1691059799.png,1920,1080,pin,1178,354,1340,507
1691059799.png,1920,1080,rod,894,527,1020,633
1691059799.png,1920,1080,hole,929,744,1015,827
1691059968.png,1920,1080,pin,1058,209,1209,381
1691059968.png,1920,1080,pin,791,624,950,781
1691059968.png,1920,1080,pin,1029,447,1183,606
1691059968.png,1920,1080,pin,1205,540,1377,697
1691059968.png,1920,1080,pin,881,346,1041,503
1691059968.png,1920,1080,pin,1136,706,1297,865
1691059968.png,1920,1080,misplaced,663,236,853,388
1691059968.png,1920,1080,pin,571,370,740,528
1691059968.png,1920,1080,pin,538,549,723,707
1691059968.png,1920,1080,pin,802,812,958,991
1691059968.png,1920,1080,pin,984,810,1137,991
1691059968.png,1920,1080,pin,1182,361,1341,515
1691059968.png,1920,1080,pin,882,152,1035,328
1691059968.png,1920,1080,pin,978,617,1134,774
1691059968.png,1920,1080,pin,738,453,894,609
1691059968.png,1920,1080,pin,638,721,797,879
1691059968.png,1920,1080,rod,892,525,1025,632
1691059968.png,1920,1080,hole,925,742,1011,828
1691059559.png,1920,1080,pin,884,159,1040,329
1691059559.png,1920,1080,pin,1060,212,1213,386
1691059559.png,1920,1080,pin,1180,363,1344,518
1691059559.png,1920,1080,pin,1030,450,1186,607
1691059559.png,1920,1080,pin,883,347,1040,498
1691059559.png,1920,1080,pin,713,212,862,381
1691059559.png,1920,1080,pin,577,372,740,525
1691059559.png,1920,1080,pin,739,455,891,612
1691059559.png,1920,1080,pin,1208,544,1380,698
1691059559.png,1920,1080,pin,978,622,1134,777
1691059559.png,1920,1080,pin,1139,709,1296,864
1691059559.png,1920,1080,pin,985,814,1136,987
1691059559.png,1920,1080,pin,797,627,954,782
1691059559.png,1920,1080,pin,636,720,796,872
1691059559.png,1920,1080,pin,800,817,955,984
1691059559.png,1920,1080,pin,550,549,721,707
1691059559.png,1920,1080,hole,926,744,1010,828
1691059559.png,1920,1080,rod,895,532,1018,632
1691060086.png,1920,1080,pin,1055,208,1206,380
1691060086.png,1920,1080,pin,797,625,956,782
1691060086.png,1920,1080,pin,1029,446,1183,605
1691060086.png,1920,1080,pin,1205,534,1377,691
1691060086.png,1920,1080,pin,540,554,725,712
1691060086.png,1920,1080,pin,807,813,963,992
1691060086.png,1920,1080,pin,1178,359,1337,513
1691060086.png,1920,1080,pin,738,455,894,611
1691060086.png,1920,1080,bent,988,811,1147,981
1691060086.png,1920,1080,bent,979,617,1137,781
1691060086.png,1920,1080,pin,700,199,857,392
1691060086.png,1920,1080,bent,876,346,1037,505
1691060086.png,1920,1080,pin,1141,702,1302,862
1691060086.png,1920,1080,bent,879,121,1030,328
1691060086.png,1920,1080,rod,895,527,1019,629
1691060086.png,1920,1080,hole,931,739,1015,830
1691060086.png,1920,1080,empty,609,393,740,518
1691060086.png,1920,1080,empty,670,725,804,859
1691059820.png,1920,1080,pin,1062,213,1213,385
1691059820.png,1920,1080,pin,793,625,952,782
1691059820.png,1920,1080,pin,1030,446,1184,605
1691059820.png,1920,1080,pin,540,549,725,703
1691059820.png,1920,1080,pin,1208,540,1380,697
1691059820.png,1920,1080,pin,978,620,1134,777
1691059820.png,1920,1080,pin,882,346,1042,503
1691059820.png,1920,1080,pin,737,452,892,612
1691059820.png,1920,1080,pin,1136,707,1297,866
1691059820.png,1920,1080,pin,799,811,956,993
1691059820.png,1920,1080,pin,884,151,1037,327
1691059820.png,1920,1080,pin,709,222,865,392
1691059820.png,1920,1080,pin,574,369,743,527
1691059820.png,1920,1080,pin,1178,361,1340,514
1691059820.png,1920,1080,adapter,641,714,795,872
1691059820.png,1920,1080,rod,894,525,1023,637
1691059820.png,1920,1080,hole,923,742,1010,832
1691059820.png,1920,1080,empty,993,816,1131,947
1691060045.png,1920,1080,pin,1055,208,1206,380
1691060045.png,1920,1080,pin,797,625,956,782
1691060045.png,1920,1080,pin,1029,446,1183,605
1691060045.png,1920,1080,pin,1205,533,1377,690
1691060045.png,1920,1080,pin,877,346,1037,503
1691060045.png,1920,1080,pin,540,553,725,711
1691060045.png,1920,1080,pin,807,813,963,992
1691060045.png,1920,1080,pin,1178,359,1337,513
1691060045.png,1920,1080,pin,879,153,1032,329
1691060045.png,1920,1080,pin,977,621,1133,778
1691060045.png,1920,1080,pin,738,455,894,611
1691060045.png,1920,1080,bent,991,811,1150,981
1691060045.png,1920,1080,rod,895,530,1020,628
1691060045.png,1920,1080,hole,929,743,1015,827
1691060045.png,1920,1080,empty,723,259,847,381
1691060045.png,1920,1080,empty,602,390,737,521
1691060045.png,1920,1080,empty,670,729,790,854
1691060045.png,1920,1080,empty,1137,712,1280,833
1691060127.png,1920,1080,pin,1064,211,1215,383
1691060127.png,1920,1080,pin,791,622,950,779
1691060127.png,1920,1080,pin,1203,544,1375,701
1691060127.png,1920,1080,pin,537,544,722,702
1691060127.png,1920,1080,pin,798,808,954,987
1691060127.png,1920,1080,pin,1186,362,1345,516
1691060127.png,1920,1080,pin,737,450,893,606
1691060127.png,1920,1080,bent,974,617,1132,781
1691060127.png,1920,1080,pin,706,193,863,386
1691060127.png,1920,1080,bent,879,344,1040,503
1691060127.png,1920,1080,pin,1131,711,1292,871
1691060127.png,1920,1080,bent,888,119,1039,326
1691060127.png,1920,1080,pin,636,714,792,874
1691060127.png,1920,1080,pin,572,365,745,520
1691060127.png,1920,1080,bent,1032,450,1186,613
1691060127.png,1920,1080,rod,892,528,1017,632
1691060127.png,1920,1080,hole,925,745,1009,830
1691060127.png,1920,1080,empty,995,812,1120,945
1691059758.png,1920,1080,pin,1062,214,1213,386
1691059758.png,1920,1080,pin,794,625,953,782
1691059758.png,1920,1080,pin,1030,448,1184,607
1691059758.png,1920,1080,pin,542,546,727,700
1691059758.png,1920,1080,pin,1209,543,1381,700
1691059758.png,1920,1080,pin,975,622,1131,779
1691059758.png,1920,1080,pin,884,347,1044,504
1691059758.png,1920,1080,pin,739,451,894,611
1691059758.png,1920,1080,pin,632,712,798,874
1691059758.png,1920,1080,rod,893,529,1020,635
1691059758.png,1920,1080,hole,925,744,1010,832
1691059758.png,1920,1080,empty,902,201,1030,320
1691059758.png,1920,1080,empty,729,249,858,376
1691059758.png,1920,1080,empty,615,383,740,512
1691059758.png,1920,1080,empty,815,813,939,950
1691059758.png,1920,1080,empty,992,814,1120,945
1691059758.png,1920,1080,empty,1143,719,1270,845
1691059758.png,1920,1080,empty,1183,387,1310,511
1691059994.png,1920,1080,pin,1055,208,1206,380
1691059994.png,1920,1080,pin,797,625,956,782
1691059994.png,1920,1080,pin,1029,446,1183,605
1691059994.png,1920,1080,pin,1205,533,1377,690
1691059994.png,1920,1080,pin,877,346,1037,503
1691059994.png,1920,1080,pin,1139,702,1300,861
1691059994.png,1920,1080,pin,540,553,725,711
1691059994.png,1920,1080,pin,807,813,963,992
1691059994.png,1920,1080,pin,1178,359,1337,513
1691059994.png,1920,1080,pin,879,153,1032,329
1691059994.png,1920,1080,pin,977,621,1133,778
1691059994.png,1920,1080,pin,738,455,894,611
1691059994.png,1920,1080,pin,703,222,855,392
1691059994.png,1920,1080,rod,894,527,1020,631
1691059994.png,1920,1080,hole,929,743,1012,827
1691059994.png,1920,1080,empty,610,396,741,520
1691059994.png,1920,1080,empty,670,730,799,857
1691059994.png,1920,1080,empty,999,812,1129,942
1691059943.png,1920,1080,pin,1060,208,1211,380
1691059943.png,1920,1080,pin,791,624,950,781
1691059943.png,1920,1080,pin,1030,449,1184,608
1691059943.png,1920,1080,pin,1205,542,1377,699
1691059943.png,1920,1080,pin,884,346,1044,503
1691059943.png,1920,1080,pin,1136,710,1297,869
1691059943.png,1920,1080,misplaced,663,232,853,384
1691059943.png,1920,1080,pin,571,372,740,530
1691059943.png,1920,1080,adapter,634,713,792,872
1691059943.png,1920,1080,pin,538,542,723,700
1691059943.png,1920,1080,pin,795,812,951,991
1691059943.png,1920,1080,pin,977,810,1130,991
1691059943.png,1920,1080,pin,1184,365,1343,519
1691059943.png,1920,1080,pin,886,152,1039,328
1691059943.png,1920,1080,pin,977,617,1133,774
1691059943.png,1920,1080,pin,739,451,895,607
1691059943.png,1920,1080,rod,893,530,1023,632
1691059943.png,1920,1080,hole,920,743,1010,830
1691060132.png,1920,1080,pin,1064,211,1215,383
1691060132.png,1920,1080,pin,791,622,950,779
1691060132.png,1920,1080,pin,1203,544,1375,701
1691060132.png,1920,1080,pin,537,544,722,702
1691060132.png,1920,1080,pin,798,808,954,987
1691060132.png,1920,1080,pin,1186,362,1345,516
1691060132.png,1920,1080,pin,737,450,893,606
1691060132.png,1920,1080,bent,974,617,1132,781
1691060132.png,1920,1080,pin,706,193,863,386
1691060132.png,1920,1080,bent,879,344,1040,503
1691060132.png,1920,1080,pin,1131,711,1292,871
1691060132.png,1920,1080,bent,888,119,1039,326
1691060132.png,1920,1080,pin,636,714,792,874
1691060132.png,1920,1080,pin,572,365,745,520
1691060132.png,1920,1080,bent,1032,450,1186,613
1691060132.png,1920,1080,rod,896,529,1018,630
1691060132.png,1920,1080,hole,923,744,1010,830
1691060132.png,1920,1080,empty,990,806,1122,942
1691060091.png,1920,1080,pin,1055,208,1206,380
1691060091.png,1920,1080,pin,797,625,956,782
1691060091.png,1920,1080,pin,1029,446,1183,605
1691060091.png,1920,1080,pin,1205,534,1377,691
1691060091.png,1920,1080,pin,540,554,725,712
1691060091.png,1920,1080,pin,807,813,963,992
1691060091.png,1920,1080,pin,1178,359,1337,513
1691060091.png,1920,1080,pin,738,455,894,611
1691060091.png,1920,1080,bent,988,811,1147,981
1691060091.png,1920,1080,bent,979,617,1137,781
1691060091.png,1920,1080,pin,700,199,857,392
1691060091.png,1920,1080,bent,876,346,1037,505
1691060091.png,1920,1080,pin,1141,702,1302,862
1691060091.png,1920,1080,bent,879,121,1030,328
1691060091.png,1920,1080,rod,893,526,1021,625
1691060091.png,1920,1080,hole,931,739,1015,831
1691060091.png,1920,1080,empty,610,395,740,522
1691060091.png,1920,1080,empty,667,726,803,859
1691059635.png,1920,1080,pin,879,156,1031,330
1691059635.png,1920,1080,pin,1055,213,1206,381
1691059635.png,1920,1080,pin,1178,358,1340,512
1691059635.png,1920,1080,pin,1209,537,1380,691
1691059635.png,1920,1080,pin,701,217,855,395
1691059635.png,1920,1080,pin,880,344,1037,502
1691059635.png,1920,1080,pin,1028,447,1184,605
1691059635.png,1920,1080,pin,980,620,1139,773
1691059635.png,1920,1080,pin,1145,702,1300,859
1691059635.png,1920,1080,pin,991,812,1144,982
1691059635.png,1920,1080,pin,805,814,964,989
1691059635.png,1920,1080,pin,800,626,959,787
1691059635.png,1920,1080,rod,890,535,1020,635
1691059635.png,1920,1080,hole,931,745,1014,830
1691059635.png,1920,1080,empty,613,397,731,518
1691059635.png,1920,1080,empty,757,472,883,596
1691059635.png,1920,1080,empty,595,571,723,695
1691059635.png,1920,1080,empty,672,731,798,856
1691060117.png,1920,1080,pin,1064,211,1215,383
1691060117.png,1920,1080,pin,791,622,950,779
1691060117.png,1920,1080,pin,1203,544,1375,701
1691060117.png,1920,1080,pin,535,541,720,699
1691060117.png,1920,1080,pin,794,808,950,987
1691060117.png,1920,1080,pin,1186,362,1345,516
1691060117.png,1920,1080,pin,738,445,894,601
1691060117.png,1920,1080,bent,974,617,1132,781
1691060117.png,1920,1080,pin,710,191,867,384
1691060117.png,1920,1080,bent,876,346,1037,505
1691060117.png,1920,1080,pin,1131,711,1292,871
1691060117.png,1920,1080,bent,890,119,1041,326
1691060117.png,1920,1080,pin,634,711,790,871
1691060117.png,1920,1080,pin,571,362,744,517
1691060117.png,1920,1080,rod,895,528,1020,632
1691060117.png,1920,1080,hole,923,739,1005,832
1691060117.png,1920,1080,empty,990,812,1115,947
1691060117.png,1920,1080,empty,1036,462,1171,596
1691059769.png,1920,1080,pin,1056,211,1207,383
1691059769.png,1920,1080,pin,794,625,953,782
1691059769.png,1920,1080,pin,1030,446,1184,605
1691059769.png,1920,1080,pin,542,555,727,709
1691059769.png,1920,1080,pin,1209,535,1381,692
1691059769.png,1920,1080,pin,979,619,1135,776
1691059769.png,1920,1080,pin,880,346,1040,503
1691059769.png,1920,1080,pin,738,451,893,611
1691059769.png,1920,1080,pin,637,716,803,878
1691059769.png,1920,1080,pin,1140,703,1301,862
1691059769.png,1920,1080,pin,808,815,965,997
1691059769.png,1920,1080,pin,991,809,1143,983
1691059769.png,1920,1080,rod,895,530,1020,635
1691059769.png,1920,1080,hole,928,741,1013,831
1691059769.png,1920,1080,empty,887,196,1023,329
1691059769.png,1920,1080,empty,1178,376,1310,501
1691059769.png,1920,1080,empty,721,258,850,385
1691059769.png,1920,1080,empty,611,394,740,526
1691059999.png,1920,1080,pin,1055,208,1206,380
1691059999.png,1920,1080,pin,797,625,956,782
1691059999.png,1920,1080,pin,1029,446,1183,605
1691059999.png,1920,1080,pin,1205,533,1377,690
1691059999.png,1920,1080,pin,877,346,1037,503
1691059999.png,1920,1080,pin,1139,702,1300,861
1691059999.png,1920,1080,pin,540,553,725,711
1691059999.png,1920,1080,pin,807,813,963,992
1691059999.png,1920,1080,pin,1178,359,1337,513
1691059999.png,1920,1080,pin,879,153,1032,329
1691059999.png,1920,1080,pin,977,621,1133,778
1691059999.png,1920,1080,pin,738,455,894,611
1691059999.png,1920,1080,pin,703,222,855,392
1691059999.png,1920,1080,rod,894,527,1020,628
1691059999.png,1920,1080,hole,928,746,1014,828
1691059999.png,1920,1080,empty,610,397,742,519
1691059999.png,1920,1080,empty,670,727,798,859
1691059999.png,1920,1080,empty,999,808,1128,939
1691060102.png,1920,1080,pin,1055,208,1206,380
1691060102.png,1920,1080,pin,797,625,956,782
1691060102.png,1920,1080,pin,1029,446,1183,605
1691060102.png,1920,1080,pin,1205,534,1377,691
1691060102.png,1920,1080,pin,540,554,725,712
1691060102.png,1920,1080,pin,807,813,963,992
1691060102.png,1920,1080,pin,1178,359,1337,513
1691060102.png,1920,1080,pin,738,455,894,611
1691060102.png,1920,1080,bent,988,811,1147,981
1691060102.png,1920,1080,bent,979,617,1137,781
1691060102.png,1920,1080,pin,700,199,857,392
1691060102.png,1920,1080,bent,876,346,1037,505
1691060102.png,1920,1080,pin,1141,702,1302,862
1691060102.png,1920,1080,bent,879,121,1030,328
1691060102.png,1920,1080,pin,644,722,800,882
1691060102.png,1920,1080,pin,567,375,740,530
1691060102.png,1920,1080,rod,895,530,1018,633
1691060102.png,1920,1080,hole,928,740,1014,832
1691059973.png,1920,1080,pin,1062,209,1213,381
1691059973.png,1920,1080,pin,792,624,951,781
1691059973.png,1920,1080,pin,1029,447,1183,606
1691059973.png,1920,1080,pin,1205,541,1377,698
1691059973.png,1920,1080,pin,882,346,1042,503
1691059973.png,1920,1080,pin,1135,707,1296,866
1691059973.png,1920,1080,misplaced,663,233,853,385
1691059973.png,1920,1080,pin,575,366,744,524
1691059973.png,1920,1080,pin,538,549,723,707
1691059973.png,1920,1080,pin,797,811,953,990
1691059973.png,1920,1080,pin,1182,364,1341,518
1691059973.png,1920,1080,pin,887,152,1040,328
1691059973.png,1920,1080,pin,977,621,1133,778
1691059973.png,1920,1080,pin,738,452,894,608
1691059973.png,1920,1080,pin,635,718,794,876
1691059973.png,1920,1080,rod,891,529,1018,634
1691059973.png,1920,1080,hole,922,742,1010,831
1691059973.png,1920,1080,empty,992,815,1128,942
1691060076.png,1920,1080,pin,1055,208,1206,380
1691060076.png,1920,1080,pin,797,625,956,782
1691060076.png,1920,1080,pin,1029,446,1183,605
1691060076.png,1920,1080,pin,1205,534,1377,691
1691060076.png,1920,1080,pin,540,554,725,712
1691060076.png,1920,1080,pin,807,813,963,992
1691060076.png,1920,1080,pin,1178,359,1337,513
1691060076.png,1920,1080,pin,738,455,894,611
1691060076.png,1920,1080,bent,988,811,1147,981
1691060076.png,1920,1080,bent,979,617,1137,781
1691060076.png,1920,1080,pin,700,199,857,392
1691060076.png,1920,1080,bent,876,346,1037,505
1691060076.png,1920,1080,rod,895,529,1020,627
1691060076.png,1920,1080,hole,931,742,1013,828
1691060076.png,1920,1080,empty,885,200,1021,320
1691060076.png,1920,1080,empty,607,392,740,519
1691060076.png,1920,1080,empty,664,725,802,862
1691060076.png,1920,1080,empty,1142,712,1275,840
1691059554.png,1920,1080,pin,886,158,1040,330
1691059554.png,1920,1080,pin,1061,213,1215,380
1691059554.png,1920,1080,pin,1182,364,1345,516
1691059554.png,1920,1080,pin,1212,541,1382,701
1691059554.png,1920,1080,pin,885,349,1042,500
1691059554.png,1920,1080,pin,1032,452,1184,607
1691059554.png,1920,1080,pin,739,452,896,612
1691059554.png,1920,1080,pin,709,212,865,392
1691059554.png,1920,1080,pin,578,373,743,527
1691059554.png,1920,1080,pin,549,552,722,706
1691059554.png,1920,1080,pin,796,626,954,782
1691059554.png,1920,1080,pin,976,620,1135,777
1691059554.png,1920,1080,pin,1135,711,1298,863
1691059554.png,1920,1080,pin,985,815,1136,984
1691059554.png,1920,1080,pin,800,816,955,995
1691059554.png,1920,1080,pin,638,718,797,872
1691059554.png,1920,1080,hole,927,745,1011,827
1691059554.png,1920,1080,rod,895,535,1018,634
1691059743.png,1920,1080,pin,1058,211,1209,383
1691059743.png,1920,1080,pin,797,626,956,783
1691059743.png,1920,1080,pin,1030,448,1184,607
1691059743.png,1920,1080,pin,543,550,728,704
1691059743.png,1920,1080,pin,1209,535,1381,692
1691059743.png,1920,1080,pin,983,805,1140,979
1691059743.png,1920,1080,pin,881,347,1041,504
1691059743.png,1920,1080,pin,704,218,862,391
1691059743.png,1920,1080,pin,635,715,801,877
1691059743.png,1920,1080,rod,893,532,1022,634
1691059743.png,1920,1080,hole,926,742,1016,831
1691059743.png,1920,1080,empty,898,205,1020,318
1691059743.png,1920,1080,empty,1188,377,1315,500
1691059743.png,1920,1080,empty,756,471,886,596
1691059743.png,1920,1080,empty,611,391,740,513
1691059743.png,1920,1080,empty,996,638,1119,759
1691059743.png,1920,1080,empty,1141,717,1277,847
1691059743.png,1920,1080,empty,814,817,953,944
1691059794.png,1920,1080,pin,1062,212,1213,384
1691059794.png,1920,1080,pin,794,625,953,782
1691059794.png,1920,1080,pin,1030,446,1184,605
1691059794.png,1920,1080,pin,541,549,726,703
1691059794.png,1920,1080,pin,1208,541,1380,698
1691059794.png,1920,1080,pin,979,620,1135,777
1691059794.png,1920,1080,pin,882,346,1042,503
1691059794.png,1920,1080,pin,737,452,892,612
1691059794.png,1920,1080,pin,636,716,802,878
1691059794.png,1920,1080,pin,1138,706,1299,865
1691059794.png,1920,1080,pin,801,811,958,993
1691059794.png,1920,1080,pin,984,808,1136,982
1691059794.png,1920,1080,pin,886,151,1039,327
1691059794.png,1920,1080,pin,704,222,860,392
1691059794.png,1920,1080,pin,574,369,743,527
1691059794.png,1920,1080,rod,891,530,1015,637
1691059794.png,1920,1080,hole,925,744,1012,828
1691059794.png,1920,1080,empty,1186,377,1313,503
1691059958.png,1920,1080,pin,1058,209,1209,381
1691059958.png,1920,1080,pin,791,624,950,781
1691059958.png,1920,1080,pin,1029,447,1183,606
1691059958.png,1920,1080,pin,1205,540,1377,697
1691059958.png,1920,1080,pin,881,346,1041,503
1691059958.png,1920,1080,pin,1136,706,1297,865
1691059958.png,1920,1080,misplaced,663,236,853,388
1691059958.png,1920,1080,pin,571,370,740,528
1691059958.png,1920,1080,pin,538,549,723,707
1691059958.png,1920,1080,pin,802,812,958,991
1691059958.png,1920,1080,pin,984,810,1137,991
1691059958.png,1920,1080,pin,1182,361,1341,515
1691059958.png,1920,1080,pin,882,152,1035,328
1691059958.png,1920,1080,pin,978,617,1134,774
1691059958.png,1920,1080,pin,738,453,894,609
1691059958.png,1920,1080,pin,638,721,797,879
1691059958.png,1920,1080,rod,893,525,1021,630
1691059958.png,1920,1080,hole,924,741,1012,827
1691059569.png,1920,1080,pin,879,156,1030,331
1691059569.png,1920,1080,pin,1055,209,1206,381
1691059569.png,1920,1080,pin,1179,358,1342,512
1691059569.png,1920,1080,pin,879,345,1037,502
1691059569.png,1920,1080,pin,1031,442,1185,607
1691059569.png,1920,1080,pin,1211,536,1381,690
1691059569.png,1920,1080,pin,702,219,854,392
1691059569.png,1920,1080,pin,575,378,740,532
1691059569.png,1920,1080,pin,738,457,892,614
1691059569.png,1920,1080,pin,551,558,720,714
1691059569.png,1920,1080,pin,798,628,958,787
1691059569.png,1920,1080,pin,981,622,1137,775
1691059569.png,1920,1080,pin,1143,704,1300,857
1691059569.png,1920,1080,pin,990,814,1144,981
1691059569.png,1920,1080,pin,808,820,962,990
1691059569.png,1920,1080,pin,644,724,801,879
1691059569.png,1920,1080,rod,888,534,1016,632
1691059569.png,1920,1080,hole,931,742,1015,832
1691060061.png,1920,1080,pin,1055,208,1206,380
1691060061.png,1920,1080,pin,797,625,956,782
1691060061.png,1920,1080,pin,1029,446,1183,605
1691060061.png,1920,1080,pin,1205,533,1377,690
1691060061.png,1920,1080,pin,877,346,1037,503
1691060061.png,1920,1080,pin,540,553,725,711
1691060061.png,1920,1080,pin,807,813,963,992
1691060061.png,1920,1080,pin,1178,359,1337,513
1691060061.png,1920,1080,pin,738,455,894,611
1691060061.png,1920,1080,bent,991,811,1150,981
1691060061.png,1920,1080,bent,980,617,1138,781
1691060061.png,1920,1080,rod,896,528,1018,632
1691060061.png,1920,1080,hole,930,742,1014,830
1691060061.png,1920,1080,empty,880,202,1024,329
1691060061.png,1920,1080,empty,718,255,858,382
1691060061.png,1920,1080,empty,611,390,742,517
1691060061.png,1920,1080,empty,668,727,799,867
1691060061.png,1920,1080,empty,1146,712,1277,840
1691059804.png,1920,1080,pin,1062,212,1213,384
1691059804.png,1920,1080,pin,794,625,953,782
1691059804.png,1920,1080,pin,1030,446,1184,605
1691059804.png,1920,1080,pin,541,549,726,703
1691059804.png,1920,1080,pin,1208,541,1380,698
1691059804.png,1920,1080,pin,979,620,1135,777
1691059804.png,1920,1080,pin,882,346,1042,503
1691059804.png,1920,1080,pin,737,452,892,612
1691059804.png,1920,1080,pin,636,716,802,878
1691059804.png,1920,1080,pin,1138,706,1299,865
1691059804.png,1920,1080,pin,801,811,958,993
1691059804.png,1920,1080,pin,984,808,1136,982
1691059804.png,1920,1080,pin,886,151,1039,327
1691059804.png,1920,1080,pin,704,222,860,392
1691059804.png,1920,1080,pin,574,369,743,527
1691059804.png,1920,1080,pin,1178,354,1340,507
1691059804.png,1920,1080,rod,894,528,1020,636
1691059804.png,1920,1080,hole,931,744,1016,832
1691059810.png,1920,1080,pin,1062,213,1213,385
1691059810.png,1920,1080,pin,793,625,952,782
1691059810.png,1920,1080,pin,1030,446,1184,605
1691059810.png,1920,1080,pin,541,549,726,703
1691059810.png,1920,1080,pin,1208,541,1380,698
1691059810.png,1920,1080,pin,978,620,1134,777
1691059810.png,1920,1080,pin,882,346,1042,503
1691059810.png,1920,1080,pin,737,452,892,612
1691059810.png,1920,1080,pin,635,716,801,878
1691059810.png,1920,1080,pin,1136,708,1297,867
1691059810.png,1920,1080,pin,796,811,953,993
1691059810.png,1920,1080,pin,886,151,1039,327
1691059810.png,1920,1080,pin,709,222,865,392
1691059810.png,1920,1080,pin,574,368,743,526
1691059810.png,1920,1080,pin,1178,361,1340,514
1691059810.png,1920,1080,rod,893,529,1019,634
1691059810.png,1920,1080,hole,924,744,1009,831
1691059810.png,1920,1080,empty,994,817,1123,945
1691060071.png,1920,1080,pin,1055,208,1206,380
1691060071.png,1920,1080,pin,797,625,956,782
1691060071.png,1920,1080,pin,1029,446,1183,605
1691060071.png,1920,1080,pin,1205,534,1377,691
1691060071.png,1920,1080,pin,540,554,725,712
1691060071.png,1920,1080,pin,807,813,963,992
1691060071.png,1920,1080,pin,1178,359,1337,513
1691060071.png,1920,1080,pin,738,455,894,611
1691060071.png,1920,1080,bent,988,811,1147,981
1691060071.png,1920,1080,bent,979,617,1137,781
1691060071.png,1920,1080,pin,700,199,857,392
1691060071.png,1920,1080,rod,892,529,1020,630
1691060071.png,1920,1080,hole,932,742,1014,828
1691060071.png,1920,1080,empty,889,204,1020,333
1691060071.png,1920,1080,empty,895,370,1023,487
1691060071.png,1920,1080,empty,615,392,739,521
1691060071.png,1920,1080,empty,667,727,801,861
1691060071.png,1920,1080,empty,1145,712,1280,842
1691059784.png,1920,1080,pin,1056,211,1207,383
1691059784.png,1920,1080,pin,794,625,953,782
1691059784.png,1920,1080,pin,1030,446,1184,605
1691059784.png,1920,1080,pin,542,555,727,709
1691059784.png,1920,1080,pin,1209,535,1381,692
1691059784.png,1920,1080,pin,979,619,1135,776
1691059784.png,1920,1080,pin,880,346,1040,503
1691059784.png,1920,1080,pin,738,451,893,611
1691059784.png,1920,1080,pin,637,716,803,878
1691059784.png,1920,1080,pin,1140,703,1301,862
1691059784.png,1920,1080,pin,808,815,965,997
1691059784.png,1920,1080,pin,991,809,1143,983
1691059784.png,1920,1080,pin,878,151,1031,327
1691059784.png,1920,1080,pin,704,222,860,392
1691059784.png,1920,1080,rod,890,531,1021,637
1691059784.png,1920,1080,hole,925,742,1015,831
1691059784.png,1920,1080,empty,612,391,745,520
1691059784.png,1920,1080,empty,1181,377,1314,511
1691059948.png,1920,1080,pin,1060,208,1211,380
1691059948.png,1920,1080,pin,791,624,950,781
1691059948.png,1920,1080,pin,1030,449,1184,608
1691059948.png,1920,1080,pin,1205,542,1377,699
1691059948.png,1920,1080,pin,884,346,1044,503
1691059948.png,1920,1080,pin,1136,710,1297,869
1691059948.png,1920,1080,misplaced,663,232,853,384
1691059948.png,1920,1080,pin,571,372,740,530
1691059948.png,1920,1080,adapter,634,713,792,872
1691059948.png,1920,1080,pin,538,542,723,700
1691059948.png,1920,1080,pin,795,812,951,991
1691059948.png,1920,1080,pin,977,810,1130,991
1691059948.png,1920,1080,pin,1184,365,1343,519
1691059948.png,1920,1080,pin,886,152,1039,328
1691059948.png,1920,1080,pin,977,617,1133,774
1691059948.png,1920,1080,pin,739,451,895,607
1691059948.png,1920,1080,rod,891,527,1020,630
1691059948.png,1920,1080,hole,921,743,1009,831
1691059753.png,1920,1080,pin,1062,214,1213,386
1691059753.png,1920,1080,pin,794,625,953,782
1691059753.png,1920,1080,pin,1030,448,1184,607
1691059753.png,1920,1080,pin,542,546,727,700
1691059753.png,1920,1080,pin,1209,543,1381,700
1691059753.png,1920,1080,pin,975,622,1131,779
1691059753.png,1920,1080,pin,884,347,1044,504
1691059753.png,1920,1080,pin,739,451,894,611
1691059753.png,1920,1080,pin,632,712,798,874
1691059753.png,1920,1080,rod,895,532,1021,633
1691059753.png,1920,1080,hole,923,744,1019,832
1691059753.png,1920,1080,empty,901,201,1029,328
1691059753.png,1920,1080,empty,1188,387,1315,508
1691059753.png,1920,1080,empty,1141,720,1268,847
1691059753.png,1920,1080,empty,993,819,1124,942
1691059753.png,1920,1080,empty,812,815,948,943
1691059753.png,1920,1080,empty,615,384,752,514
1691059753.png,1920,1080,empty,729,252,857,377
1691059815.png,1920,1080,pin,1062,213,1213,385
1691059815.png,1920,1080,pin,793,625,952,782
1691059815.png,1920,1080,pin,1030,446,1184,605
1691059815.png,1920,1080,pin,540,549,725,703
1691059815.png,1920,1080,pin,1208,540,1380,697
1691059815.png,1920,1080,pin,978,620,1134,777
1691059815.png,1920,1080,pin,882,346,1042,503
1691059815.png,1920,1080,pin,737,452,892,612
1691059815.png,1920,1080,pin,635,716,801,878
1691059815.png,1920,1080,pin,1136,707,1297,866
1691059815.png,1920,1080,pin,799,811,956,993
1691059815.png,1920,1080,pin,884,151,1037,327
1691059815.png,1920,1080,pin,709,222,865,392
1691059815.png,1920,1080,pin,574,369,743,527
1691059815.png,1920,1080,pin,1178,361,1340,514
1691059815.png,1920,1080,adapter,985,809,1140,978
1691059815.png,1920,1080,rod,894,526,1018,637
1691059815.png,1920,1080,hole,926,742,1015,833
1691060066.png,1920,1080,pin,1055,208,1206,380
1691060066.png,1920,1080,pin,797,625,956,782
1691060066.png,1920,1080,pin,1029,446,1183,605
1691060066.png,1920,1080,pin,1205,533,1377,690
1691060066.png,1920,1080,pin,540,553,725,711
1691060066.png,1920,1080,pin,807,813,963,992
1691060066.png,1920,1080,pin,1178,359,1337,513
1691060066.png,1920,1080,pin,738,455,894,611
1691060066.png,1920,1080,bent,991,811,1150,981
1691060066.png,1920,1080,bent,980,617,1138,781
1691060066.png,1920,1080,pin,700,199,857,392
1691060066.png,1920,1080,rod,897,528,1019,630
1691060066.png,1920,1080,hole,932,742,1014,830
1691060066.png,1920,1080,empty,885,202,1020,320
1691060066.png,1920,1080,empty,889,361,1027,492
1691060066.png,1920,1080,empty,610,394,745,525
1691060066.png,1920,1080,empty,667,725,799,861
1691060066.png,1920,1080,empty,1144,707,1274,837
1691059630.png,1920,1080,pin,879,157,1032,331
1691059630.png,1920,1080,pin,1053,209,1207,382
1691059630.png,1920,1080,pin,1178,360,1341,511
1691059630.png,1920,1080,pin,879,347,1039,502
1691059630.png,1920,1080,pin,1029,447,1185,606
1691059630.png,1920,1080,pin,1214,536,1383,690
1691059630.png,1920,1080,pin,700,220,855,392
1691059630.png,1920,1080,pin,979,620,1138,777
1691059630.png,1920,1080,pin,1140,703,1302,857
1691059630.png,1920,1080,pin,990,809,1144,986
1691059630.png,1920,1080,pin,800,629,955,784
1691059630.png,1920,1080,pin,643,724,803,882
1691059630.png,1920,1080,pin,806,817,962,992
1691059630.png,1920,1080,empty,610,399,734,519
1691059630.png,1920,1080,empty,761,475,885,599
1691059630.png,1920,1080,empty,595,573,722,695
1691059630.png,1920,1080,hole,931,745,1017,830
1691059630.png,1920,1080,rod,892,527,1021,637
1691059963.png,1920,1080,pin,1058,209,1209,381
1691059963.png,1920,1080,pin,791,624,950,781
1691059963.png,1920,1080,pin,1029,447,1183,606
1691059963.png,1920,1080,pin,1205,540,1377,697
1691059963.png,1920,1080,pin,881,346,1041,503
1691059963.png,1920,1080,pin,1136,706,1297,865
1691059963.png,1920,1080,misplaced,663,236,853,388
1691059963.png,1920,1080,pin,571,370,740,528
1691059963.png,1920,1080,pin,538,549,723,707
1691059963.png,1920,1080,pin,802,812,958,991
1691059963.png,1920,1080,pin,984,810,1137,991
1691059963.png,1920,1080,pin,1182,361,1341,515
1691059963.png,1920,1080,pin,882,152,1035,328
1691059963.png,1920,1080,pin,978,617,1134,774
1691059963.png,1920,1080,pin,738,453,894,609
1691059963.png,1920,1080,pin,638,721,797,879
1691059963.png,1920,1080,rod,892,523,1022,629
1691059963.png,1920,1080,hole,927,742,1013,831
1691059779.png,1920,1080,pin,1056,211,1207,383
1691059779.png,1920,1080,pin,794,625,953,782
1691059779.png,1920,1080,pin,1030,446,1184,605
1691059779.png,1920,1080,pin,542,555,727,709
1691059779.png,1920,1080,pin,1209,535,1381,692
1691059779.png,1920,1080,pin,979,619,1135,776
1691059779.png,1920,1080,pin,880,346,1040,503
1691059779.png,1920,1080,pin,738,451,893,611
1691059779.png,1920,1080,pin,637,716,803,878
1691059779.png,1920,1080,pin,1140,703,1301,862
1691059779.png,1920,1080,pin,808,815,965,997
1691059779.png,1920,1080,pin,991,809,1143,983
1691059779.png,1920,1080,pin,878,151,1031,327
1691059779.png,1920,1080,pin,704,222,860,392
1691059779.png,1920,1080,rod,892,533,1020,637
1691059779.png,1920,1080,hole,925,742,1015,827
1691059779.png,1920,1080,empty,612,391,742,521
1691059779.png,1920,1080,empty,1185,374,1312,502
1691059989.png,1920,1080,pin,1055,208,1206,380
1691059989.png,1920,1080,pin,797,625,956,782
1691059989.png,1920,1080,pin,1029,446,1183,605
1691059989.png,1920,1080,pin,1205,533,1377,690
1691059989.png,1920,1080,pin,877,346,1037,503
1691059989.png,1920,1080,pin,1139,702,1300,861
1691059989.png,1920,1080,pin,540,553,725,711
1691059989.png,1920,1080,pin,807,813,963,992
1691059989.png,1920,1080,pin,1178,359,1337,513
1691059989.png,1920,1080,pin,879,153,1032,329
1691059989.png,1920,1080,pin,977,621,1133,778
1691059989.png,1920,1080,pin,738,455,894,611
1691059989.png,1920,1080,pin,641,719,800,877
1691059989.png,1920,1080,pin,703,222,855,392
1691059989.png,1920,1080,rod,895,527,1020,632
1691059989.png,1920,1080,hole,930,742,1015,830
1691059989.png,1920,1080,empty,605,392,741,523
1691059989.png,1920,1080,empty,1002,808,1131,942
1691060107.png,1920,1080,pin,1055,208,1206,380
1691060107.png,1920,1080,pin,797,625,956,782
1691060107.png,1920,1080,pin,1029,446,1183,605
1691060107.png,1920,1080,pin,1205,534,1377,691
1691060107.png,1920,1080,pin,540,554,725,712
1691060107.png,1920,1080,pin,807,813,963,992
1691060107.png,1920,1080,pin,1178,359,1337,513
1691060107.png,1920,1080,pin,738,455,894,611
1691060107.png,1920,1080,bent,988,811,1147,981
1691060107.png,1920,1080,bent,979,617,1137,781
1691060107.png,1920,1080,pin,700,199,857,392
1691060107.png,1920,1080,bent,876,346,1037,505
1691060107.png,1920,1080,pin,1141,702,1302,862
1691060107.png,1920,1080,bent,879,121,1030,328
1691060107.png,1920,1080,pin,644,722,800,882
1691060107.png,1920,1080,pin,567,375,740,530
1691060107.png,1920,1080,rod,895,527,1016,628
1691060107.png,1920,1080,hole,927,739,1013,832
1691060014.png,1920,1080,pin,1055,208,1206,380
1691060014.png,1920,1080,pin,797,625,956,782
1691060014.png,1920,1080,pin,1029,446,1183,605
1691060014.png,1920,1080,pin,1205,533,1377,690
1691060014.png,1920,1080,pin,877,346,1037,503
1691060014.png,1920,1080,pin,540,553,725,711
1691060014.png,1920,1080,pin,807,813,963,992
1691060014.png,1920,1080,pin,1178,359,1337,513
1691060014.png,1920,1080,pin,879,153,1032,329
1691060014.png,1920,1080,pin,977,621,1133,778
1691060014.png,1920,1080,pin,738,455,894,611
1691060014.png,1920,1080,rod,893,529,1020,637
1691060014.png,1920,1080,hole,930,740,1015,830
1691060014.png,1920,1080,empty,721,257,851,383
1691060014.png,1920,1080,empty,612,397,738,522
1691060014.png,1920,1080,empty,669,728,795,857
1691060014.png,1920,1080,empty,995,812,1129,939
1691060014.png,1920,1080,empty,1149,710,1277,839
1691059656.png,1920,1080,pin,700,217,857,395
1691059656.png,1920,1080,pin,878,158,1031,333
1691059656.png,1920,1080,pin,1054,212,1205,384
1691059656.png,1920,1080,pin,1179,359,1342,511
1691059656.png,1920,1080,pin,880,347,1038,501
1691059656.png,1920,1080,pin,1030,448,1184,607
1691059656.png,1920,1080,pin,739,457,894,617
1691059656.png,1920,1080,pin,801,627,959,784
1691059656.png,1920,1080,pin,980,618,1136,774
1691059656.png,1920,1080,pin,805,812,965,990
1691059656.png,1920,1080,pin,990,809,1144,982
1691059656.png,1920,1080,pin,543,555,725,715
1691059656.png,1920,1080,rod,885,533,1020,635
1691059656.png,1920,1080,hole,924,740,1011,830
1691059656.png,1920,1080,empty,615,389,742,518
1691059656.png,1920,1080,empty,1216,554,1335,683
1691059656.png,1920,1080,empty,1144,718,1270,848
1691059656.png,1920,1080,empty,669,720,794,852
1691060148.png,1920,1080,pin,1058,210,1209,382
1691060148.png,1920,1080,pin,791,622,950,779
1691060148.png,1920,1080,pin,1203,538,1375,695
1691060148.png,1920,1080,pin,536,550,721,708
1691060148.png,1920,1080,pin,802,812,958,991
1691060148.png,1920,1080,pin,1182,361,1341,515
1691060148.png,1920,1080,pin,737,450,893,606
1691060148.png,1920,1080,bent,985,813,1143,977
1691060148.png,1920,1080,pin,701,192,858,385
1691060148.png,1920,1080,bent,879,344,1040,503
1691060148.png,1920,1080,pin,1135,706,1296,866
1691060148.png,1920,1080,bent,881,121,1032,328
1691060148.png,1920,1080,pin,641,717,797,877
1691060148.png,1920,1080,pin,569,370,742,525
1691060148.png,1920,1080,bent,1031,447,1185,610
1691060148.png,1920,1080,pin,978,622,1135,777
1691060148.png,1920,1080,rod,894,524,1019,625
1691060148.png,1920,1080,hole,930,743,1013,827
1691059722.png,1920,1080,pin,1054,212,1205,384
1691059722.png,1920,1080,pin,800,626,956,783
1691059722.png,1920,1080,pin,1030,448,1184,607
1691059722.png,1920,1080,pin,543,555,725,715
1691059722.png,1920,1080,misplaced,806,367,1020,526
1691059722.png,1920,1080,pin,1209,535,1381,692
1691059722.png,1920,1080,rod,892,533,1024,644
1691059722.png,1920,1080,hole,927,743,1015,829
1691059722.png,1920,1080,empty,892,202,1020,327
1691059722.png,1920,1080,empty,1183,373,1309,500
1691059722.png,1920,1080,empty,984,632,1122,756
1691059722.png,1920,1080,empty,1140,710,1279,842
1691059722.png,1920,1080,empty,1004,815,1130,938
1691059722.png,1920,1080,empty,826,818,955,947
1691059722.png,1920,1080,empty,669,725,802,855
1691059722.png,1920,1080,empty,610,396,741,522
1691059722.png,1920,1080,empty,755,476,893,596
1691059722.png,1920,1080,empty,723,257,852,381
1691059938.png,1920,1080,pin,1052,209,1203,381
1691059938.png,1920,1080,pin,796,624,955,781
1691059938.png,1920,1080,pin,1030,448,1184,607
1691059938.png,1920,1080,pin,1206,532,1378,689
1691059938.png,1920,1080,pin,884,346,1044,503
1691059938.png,1920,1080,pin,1139,704,1300,863
1691059938.png,1920,1080,misplaced,662,236,852,388
1691059938.png,1920,1080,pin,571,372,740,530
1691059938.png,1920,1080,adapter,638,716,796,875
1691059938.png,1920,1080,adapter,740,455,894,613
1691059938.png,1920,1080,pin,540,552,725,710
1691059938.png,1920,1080,pin,805,812,961,991
1691059938.png,1920,1080,pin,987,807,1140,988
1691059938.png,1920,1080,pin,1174,356,1333,510
1691059938.png,1920,1080,pin,874,151,1027,327
1691059938.png,1920,1080,pin,979,618,1135,775
1691059938.png,1920,1080,rod,890,528,1019,630
1691059938.png,1920,1080,hole,930,742,1014,829
1691059866.png,1920,1080,pin,1064,213,1215,385
1691059866.png,1920,1080,pin,793,624,952,781
1691059866.png,1920,1080,pin,1030,448,1184,607
1691059866.png,1920,1080,pin,540,546,725,700
1691059866.png,1920,1080,pin,1207,546,1379,703
1691059866.png,1920,1080,pin,884,346,1044,503
1691059866.png,1920,1080,pin,738,451,893,611
1691059866.png,1920,1080,pin,1135,709,1296,868
1691059866.png,1920,1080,pin,890,151,1043,327
1691059866.png,1920,1080,pin,713,219,869,389
1691059866.png,1920,1080,pin,577,364,746,522
1691059866.png,1920,1080,adapter,637,715,795,874
1691059866.png,1920,1080,adapter,979,622,1133,780
1691059866.png,1920,1080,rod,899,525,1021,632
1691059866.png,1920,1080,hole,925,744,1007,831
1691059866.png,1920,1080,empty,992,813,1116,943
1691059866.png,1920,1080,empty,811,813,945,946
1691059866.png,1920,1080,empty,1189,383,1313,508
1691059682.png,1920,1080,pin,700,217,857,395
1691059682.png,1920,1080,pin,878,158,1031,333
1691059682.png,1920,1080,pin,1054,212,1205,384
1691059682.png,1920,1080,pin,1179,359,1342,511
1691059682.png,1920,1080,pin,880,347,1038,501
1691059682.png,1920,1080,pin,1030,448,1184,607
1691059682.png,1920,1080,pin,739,457,894,617
1691059682.png,1920,1080,pin,543,555,725,715
1691059682.png,1920,1080,pin,1210,537,1385,693
1691059682.png,1920,1080,rod,890,530,1023,637
1691059682.png,1920,1080,hole,927,742,1014,830
1691059682.png,1920,1080,empty,608,392,741,524
1691059682.png,1920,1080,empty,814,636,947,769
1691059682.png,1920,1080,empty,996,632,1117,761
1691059682.png,1920,1080,empty,1147,712,1275,845
1691059682.png,1920,1080,empty,1002,817,1132,935
1691059682.png,1920,1080,empty,823,814,952,952
1691059682.png,1920,1080,empty,671,722,805,857
1691059641.png,1920,1080,pin,700,217,857,395
1691059641.png,1920,1080,pin,878,158,1031,333
1691059641.png,1920,1080,pin,1054,212,1205,384
1691059641.png,1920,1080,pin,1179,359,1342,511
1691059641.png,1920,1080,pin,880,347,1038,501
1691059641.png,1920,1080,pin,1030,448,1184,607
1691059641.png,1920,1080,pin,1207,537,1384,692
1691059641.png,1920,1080,pin,739,457,894,617
1691059641.png,1920,1080,pin,801,627,959,784
1691059641.png,1920,1080,pin,980,618,1136,774
1691059641.png,1920,1080,pin,1141,702,1301,859
1691059641.png,1920,1080,pin,805,812,965,990
1691059641.png,1920,1080,pin,990,809,1144,982
1691059641.png,1920,1080,rod,891,530,1018,637
1691059641.png,1920,1080,hole,931,743,1015,832
1691059641.png,1920,1080,empty,614,394,737,522
1691059641.png,1920,1080,empty,592,571,724,697
1691059641.png,1920,1080,empty,671,727,795,862
1691059912.png,1920,1080,pin,1064,213,1215,385
1691059912.png,1920,1080,pin,793,624,952,781
1691059912.png,1920,1080,pin,1030,448,1184,607
1691059912.png,1920,1080,pin,1207,546,1379,703
1691059912.png,1920,1080,pin,884,346,1044,503
1691059912.png,1920,1080,pin,1135,709,1296,868
1691059912.png,1920,1080,misplaced,665,235,855,387
1691059912.png,1920,1080,pin,577,364,746,522
1691059912.png,1920,1080,adapter,638,716,796,875
1691059912.png,1920,1080,adapter,979,622,1133,780
1691059912.png,1920,1080,adapter,740,455,894,613
1691059912.png,1920,1080,pin,540,544,725,702
1691059912.png,1920,1080,pin,796,812,952,991
1691059912.png,1920,1080,pin,977,811,1130,992
1691059912.png,1920,1080,rod,890,527,1020,634
1691059912.png,1920,1080,hole,921,741,1010,829
1691059912.png,1920,1080,empty,900,203,1030,320
1691059912.png,1920,1080,empty,1189,381,1315,507
1691060163.png,1920,1080,pin,1055,205,1206,377
1691060163.png,1920,1080,pin,1202,533,1374,690
1691060163.png,1920,1080,pin,535,553,720,711
1691060163.png,1920,1080,pin,806,812,962,991
1691060163.png,1920,1080,pin,1180,357,1339,511
1691060163.png,1920,1080,pin,736,456,892,612
1691060163.png,1920,1080,bent,988,813,1146,977
1691060163.png,1920,1080,bent,877,344,1038,503
1691060163.png,1920,1080,pin,1135,706,1296,866
1691060163.png,1920,1080,bent,879,121,1030,328
1691060163.png,1920,1080,pin,642,718,798,878
1691060163.png,1920,1080,pin,568,375,741,530
1691060163.png,1920,1080,bent,1030,446,1184,609
1691060163.png,1920,1080,pin,978,620,1135,775
1691060163.png,1920,1080,rod,895,526,1018,630
1691060163.png,1920,1080,hole,927,740,1013,827
1691060163.png,1920,1080,empty,817,644,941,761
1691060163.png,1920,1080,empty,729,262,846,379
1691060189.png,1920,1080,pin,1052,204,1203,376
1691060189.png,1920,1080,pin,1203,529,1375,686
1691060189.png,1920,1080,pin,539,558,724,716
1691060189.png,1920,1080,pin,811,816,967,995
1691060189.png,1920,1080,pin,1178,352,1337,506
1691060189.png,1920,1080,pin,736,455,892,611
1691060189.png,1920,1080,misplaced,1000,788,1156,944
1691060189.png,1920,1080,bent,876,345,1037,504
1691060189.png,1920,1080,pin,1142,700,1303,860
1691060189.png,1920,1080,bent,873,127,1024,334
1691060189.png,1920,1080,pin,645,723,801,883
1691060189.png,1920,1080,pin,564,378,737,533
1691060189.png,1920,1080,bent,1029,442,1183,605
1691060189.png,1920,1080,pin,981,618,1138,773
1691060189.png,1920,1080,bent,799,628,957,785
1691060189.png,1920,1080,pin,698,213,852,383
1691060189.png,1920,1080,rod,898,531,1020,632
1691060189.png,1920,1080,hole,935,747,1017,832
1691059907.png,1920,1080,pin,1064,213,1215,385
1691059907.png,1920,1080,pin,793,624,952,781
1691059907.png,1920,1080,pin,1030,448,1184,607
1691059907.png,1920,1080,pin,1207,546,1379,703
1691059907.png,1920,1080,pin,884,346,1044,503
1691059907.png,1920,1080,pin,1135,709,1296,868
1691059907.png,1920,1080,misplaced,665,235,855,387
1691059907.png,1920,1080,pin,577,364,746,522
1691059907.png,1920,1080,adapter,638,716,796,875
1691059907.png,1920,1080,adapter,979,622,1133,780
1691059907.png,1920,1080,adapter,740,455,894,613
1691059907.png,1920,1080,pin,540,544,725,702
1691059907.png,1920,1080,pin,796,812,952,991
1691059907.png,1920,1080,pin,977,811,1130,992
1691059907.png,1920,1080,rod,892,525,1019,632
1691059907.png,1920,1080,hole,925,742,1008,831
1691059907.png,1920,1080,empty,1188,380,1317,507
1691059907.png,1920,1080,empty,896,197,1030,318
1691060214.png,1920,1080,pin,1064,213,1215,385
1691060214.png,1920,1080,pin,1209,544,1381,701
1691060214.png,1920,1080,pin,798,814,954,993
1691060214.png,1920,1080,pin,1186,364,1345,518
1691060214.png,1920,1080,pin,737,452,893,608
1691060214.png,1920,1080,bent,882,342,1043,501
1691060214.png,1920,1080,pin,1135,710,1296,870
1691060214.png,1920,1080,bent,890,122,1041,329
1691060214.png,1920,1080,pin,636,717,792,877
1691060214.png,1920,1080,pin,567,362,740,517
1691060214.png,1920,1080,pin,976,618,1133,773
1691060214.png,1920,1080,bent,794,627,952,784
1691060214.png,1920,1080,pin,711,211,865,381
1691060214.png,1920,1080,bent,978,812,1131,983
1691060214.png,1920,1080,bent,545,543,719,703
1691060214.png,1920,1080,rod,891,528,1017,634
1691060214.png,1920,1080,hole,921,743,1008,827
1691060214.png,1920,1080,empty,1036,462,1168,602
1691059697.png,1920,1080,pin,1054,212,1205,384
1691059697.png,1920,1080,pin,880,347,1038,501
1691059697.png,1920,1080,pin,1030,448,1184,607
1691059697.png,1920,1080,pin,543,555,725,715
1691059697.png,1920,1080,misplaced,1208,518,1485,677
1691059697.png,1920,1080,rod,892,530,1021,636
1691059697.png,1920,1080,hole,926,739,1015,830
1691059697.png,1920,1080,empty,1180,378,1310,499
1691059697.png,1920,1080,empty,892,202,1015,325
1691059697.png,1920,1080,empty,721,257,850,383
1691059697.png,1920,1080,empty,612,393,736,520
1691059697.png,1920,1080,empty,759,469,881,602
1691059697.png,1920,1080,empty,812,639,951,771
1691059697.png,1920,1080,empty,1000,637,1120,753
1691059697.png,1920,1080,empty,1146,712,1272,840
1691059697.png,1920,1080,empty,1010,812,1129,942
1691059697.png,1920,1080,empty,825,816,954,951
1691059697.png,1920,1080,empty,673,727,800,855
1691060204.png,1920,1080,pin,1052,204,1203,376
1691060204.png,1920,1080,pin,1203,529,1375,686
1691060204.png,1920,1080,pin,811,816,967,995
1691060204.png,1920,1080,pin,1178,352,1337,506
1691060204.png,1920,1080,pin,736,455,892,611
1691060204.png,1920,1080,bent,876,345,1037,504
1691060204.png,1920,1080,pin,1142,700,1303,860
1691060204.png,1920,1080,bent,873,127,1024,334
1691060204.png,1920,1080,pin,645,723,801,883
1691060204.png,1920,1080,pin,564,378,737,533
1691060204.png,1920,1080,pin,981,618,1138,773
1691060204.png,1920,1080,bent,799,628,957,785
1691060204.png,1920,1080,pin,698,213,852,383
1691060204.png,1920,1080,bent,995,808,1148,979
1691060204.png,1920,1080,rod,895,532,1015,633
1691060204.png,1920,1080,hole,930,742,1020,832
1691060204.png,1920,1080,empty,1046,460,1169,592
1691060204.png,1920,1080,empty,585,572,723,706
1691059902.png,1920,1080,pin,1064,213,1215,385
1691059902.png,1920,1080,pin,793,624,952,781
1691059902.png,1920,1080,pin,1030,448,1184,607
1691059902.png,1920,1080,pin,1207,546,1379,703
1691059902.png,1920,1080,pin,884,346,1044,503
1691059902.png,1920,1080,pin,1135,709,1296,868
1691059902.png,1920,1080,misplaced,665,235,855,387
1691059902.png,1920,1080,pin,577,364,746,522
1691059902.png,1920,1080,adapter,638,716,796,875
1691059902.png,1920,1080,adapter,979,622,1133,780
1691059902.png,1920,1080,adapter,740,455,894,613
1691059902.png,1920,1080,pin,540,544,725,702
1691059902.png,1920,1080,rod,892,529,1023,641
1691059902.png,1920,1080,hole,923,742,1006,829
1691059902.png,1920,1080,empty,899,203,1030,320
1691059902.png,1920,1080,empty,1183,386,1316,517
1691059902.png,1920,1080,empty,993,817,1120,955
1691059902.png,1920,1080,empty,812,809,938,945
1691060173.png,1920,1080,pin,1055,205,1206,377
1691060173.png,1920,1080,pin,1202,533,1374,690
1691060173.png,1920,1080,pin,535,553,720,711
1691060173.png,1920,1080,pin,806,812,962,991
1691060173.png,1920,1080,pin,1180,357,1339,511
1691060173.png,1920,1080,pin,736,453,892,609
1691060173.png,1920,1080,bent,988,813,1146,977
1691060173.png,1920,1080,bent,877,344,1038,503
1691060173.png,1920,1080,pin,1135,706,1296,866
1691060173.png,1920,1080,bent,879,121,1030,328
1691060173.png,1920,1080,pin,642,718,798,878
1691060173.png,1920,1080,pin,568,375,741,530
1691060173.png,1920,1080,bent,1030,446,1184,609
1691060173.png,1920,1080,pin,978,620,1135,775
1691060173.png,1920,1080,bent,797,627,955,784
1691060173.png,1920,1080,rod,894,528,1016,636
1691060173.png,1920,1080,hole,928,745,1012,828
1691060173.png,1920,1080,empty,726,252,853,379
1691059651.png,1920,1080,pin,700,217,857,395
1691059651.png,1920,1080,pin,878,158,1031,333
1691059651.png,1920,1080,pin,1054,212,1205,384
1691059651.png,1920,1080,pin,1179,359,1342,511
1691059651.png,1920,1080,pin,880,347,1038,501
1691059651.png,1920,1080,pin,1030,448,1184,607
1691059651.png,1920,1080,pin,739,457,894,617
1691059651.png,1920,1080,pin,801,627,959,784
1691059651.png,1920,1080,pin,980,618,1136,774
1691059651.png,1920,1080,pin,1141,702,1301,859
1691059651.png,1920,1080,pin,805,812,965,990
1691059651.png,1920,1080,pin,990,809,1144,982
1691059651.png,1920,1080,pin,543,555,725,715
1691059651.png,1920,1080,rod,886,527,1020,634
1691059651.png,1920,1080,hole,930,745,1014,831
1691059651.png,1920,1080,empty,1212,552,1343,676
1691059651.png,1920,1080,empty,615,394,737,524
1691059651.png,1920,1080,empty,673,729,805,857
1691059876.png,1920,1080,pin,1064,213,1215,385
1691059876.png,1920,1080,pin,793,624,952,781
1691059876.png,1920,1080,pin,1030,448,1184,607
1691059876.png,1920,1080,pin,1207,546,1379,703
1691059876.png,1920,1080,pin,884,346,1044,503
1691059876.png,1920,1080,pin,738,451,893,611
1691059876.png,1920,1080,pin,1135,709,1296,868
1691059876.png,1920,1080,misplaced,665,240,855,392
1691059876.png,1920,1080,pin,577,364,746,522
1691059876.png,1920,1080,adapter,638,716,796,875
1691059876.png,1920,1080,adapter,979,622,1133,780
1691059876.png,1920,1080,rod,895,527,1020,637
1691059876.png,1920,1080,hole,928,744,1011,830
1691059876.png,1920,1080,empty,890,202,1025,326
1691059876.png,1920,1080,empty,1176,380,1315,507
1691059876.png,1920,1080,empty,995,812,1125,945
1691059876.png,1920,1080,empty,815,811,949,949
1691059876.png,1920,1080,empty,590,563,725,694
1691059692.png,1920,1080,pin,1054,212,1205,384
1691059692.png,1920,1080,pin,1179,359,1342,511
1691059692.png,1920,1080,pin,880,347,1038,501
1691059692.png,1920,1080,pin,1030,448,1184,607
1691059692.png,1920,1080,pin,739,457,894,617
1691059692.png,1920,1080,pin,543,555,725,715
1691059692.png,1920,1080,pin,1210,537,1385,693
1691059692.png,1920,1080,rod,892,536,1024,637
1691059692.png,1920,1080,hole,927,742,1015,830
1691059692.png,1920,1080,empty,890,202,1020,330
1691059692.png,1920,1080,empty,715,256,853,383
1691059692.png,1920,1080,empty,609,392,745,526
1691059692.png,1920,1080,empty,667,725,805,861
1691059692.png,1920,1080,empty,813,633,944,762
1691059692.png,1920,1080,empty,995,633,1120,757
1691059692.png,1920,1080,empty,1145,707,1271,838
1691059692.png,1920,1080,empty,1002,814,1130,944
1691059692.png,1920,1080,empty,824,816,947,942
1691059733.png,1920,1080,pin,1054,212,1205,384
1691059733.png,1920,1080,pin,800,626,956,783
1691059733.png,1920,1080,pin,1030,448,1184,607
1691059733.png,1920,1080,pin,543,555,725,715
1691059733.png,1920,1080,pin,1209,535,1381,692
1691059733.png,1920,1080,misplaced,991,804,1145,982
1691059733.png,1920,1080,pin,878,350,1038,507
1691059733.png,1920,1080,rod,890,528,1021,638
1691059733.png,1920,1080,hole,928,742,1016,830
1691059733.png,1920,1080,empty,891,200,1020,322
1691059733.png,1920,1080,empty,719,256,852,384
1691059733.png,1920,1080,empty,607,394,739,522
1691059733.png,1920,1080,empty,759,473,884,603
1691059733.png,1920,1080,empty,1183,374,1310,496
1691059733.png,1920,1080,empty,1150,714,1276,837
1691059733.png,1920,1080,empty,992,630,1112,752
1691059733.png,1920,1080,empty,821,817,962,949
1691059733.png,1920,1080,empty,679,727,800,858
1691059646.png,1920,1080,pin,700,217,857,395
1691059646.png,1920,1080,pin,878,158,1031,333
1691059646.png,1920,1080,pin,1054,212,1205,384
1691059646.png,1920,1080,pin,1179,359,1342,511
1691059646.png,1920,1080,pin,880,347,1038,501
1691059646.png,1920,1080,pin,1030,448,1184,607
1691059646.png,1920,1080,pin,1207,537,1384,692
1691059646.png,1920,1080,pin,739,457,894,617
1691059646.png,1920,1080,pin,801,627,959,784
1691059646.png,1920,1080,pin,980,618,1136,774
1691059646.png,1920,1080,pin,1141,702,1301,859
1691059646.png,1920,1080,pin,805,812,965,990
1691059646.png,1920,1080,pin,990,809,1144,982
1691059646.png,1920,1080,pin,543,555,725,715
1691059646.png,1920,1080,rod,889,531,1020,636
1691059646.png,1920,1080,hole,932,745,1015,831
1691059646.png,1920,1080,empty,615,395,735,522
1691059646.png,1920,1080,empty,671,727,801,862
1691059861.png,1920,1080,pin,1063,213,1214,385
1691059861.png,1920,1080,pin,793,625,952,782
1691059861.png,1920,1080,pin,1030,448,1184,607
1691059861.png,1920,1080,pin,540,547,725,701
1691059861.png,1920,1080,pin,1207,544,1379,701
1691059861.png,1920,1080,pin,884,346,1044,503
1691059861.png,1920,1080,pin,737,451,892,611
1691059861.png,1920,1080,pin,1135,708,1296,867
1691059861.png,1920,1080,pin,888,151,1041,327
1691059861.png,1920,1080,pin,711,219,867,389
1691059861.png,1920,1080,pin,577,366,746,524
1691059861.png,1920,1080,adapter,638,715,796,874
1691059861.png,1920,1080,adapter,1180,362,1343,520
1691059861.png,1920,1080,adapter,979,620,1133,778
1691059861.png,1920,1080,rod,892,526,1022,633
1691059861.png,1920,1080,hole,925,743,1007,832
1691059861.png,1920,1080,empty,823,814,942,946
1691059861.png,1920,1080,empty,996,814,1124,937
